open_time,close,open,high,low,ignored,ret
2000-01-30,1424.4,1360.2,1436.0,1350.0,"4,72%",
2000-02-06,1387.1,1424.4,1444.4,1379.2,"-2,62%",0.005849582172702039
2000-02-13,1346.1,1387.1,1407.8,1345.3,"-2,96%",-0.025339241207421814
2000-02-20,1333.4,1346.1,1370.1,1329.1,"-0,94%",-0.026779372069896334
2000-02-27,1409.2,1333.4,1410.9,1325.0,"5,68%",0.029778848259251367
2000-03-05,1395.1,1409.2,1413.4,1346.5,"-1,00%",0.00177191863349635
2000-03-12,1464.5,1395.1,1476.6,1357.0,"4,97%",0.04471487194000279
2000-03-19,1527.5,1464.5,1553.1,1446.0,"4,30%",0.05180820804551001
2000-03-26,1498.6,1527.5,1534.7,1474.6,"-1,89%",-0.01184727319554435
2000-04-02,1516.3,1498.6,1526.2,1417.2,"1,18%",-0.005538541734540936
2000-04-09,1356.6,1516.3,1527.1,1339.4,"-10,53%",0.0005896999082688481
2000-04-16,1434.5,1356.6,1447.7,1346.7,"5,74%",-0.05199397550913487
2000-04-23,1452.4,1434.5,1482.8,1407.2,"1,25%",0.02424535470055944
2000-04-30,1432.6,1452.4,1481.4,1398.4,"-1,36%",-0.0009441596978687627
2000-05-07,1421.0,1432.6,1432.6,1375.2,"-0,81%",-0.03294181179964906
2000-05-14,1407.0,1421.0,1470.4,1401.7,"-0,99%",0.026385592628787036
2000-05-21,1378.0,1407.0,1411.9,1361.2,"-2,06%",-0.039785092491838925
2000-05-28,1477.3,1378.0,1483.4,1377.8,"7,21%",0.050640980239393674
2000-06-04,1457.0,1477.3,1477.3,1454.8,"-1,37%",-0.004112174733719942
2000-06-11,1464.5,1457.0,1483.6,1442.5,"0,51%",0.004264536654707829
2000-06-18,1441.5,1464.5,1489.0,1438.3,"-1,57%",0.0036397950930171508
2000-06-25,1454.6,1441.5,1467.6,1434.6,"0,91%",-0.01437206178643391
2000-07-02,1478.9,1454.6,1485.2,1439.6,"1,67%",0.011992368492777405
2000-07-09,1510.0,1478.9,1510.0,1470.5,"2,10%",0.016698087799623007
2000-07-16,1480.2,1510.0,1517.2,1478.0,"-1,97%",0.004768211920529897
2000-07-23,1419.9,1480.2,1485.8,1414.2,"-4,07%",-0.020696018982335973
2000-07-30,1462.9,1419.9,1462.9,1418.3,"3,03%",-0.015412572351594989
2000-08-06,1471.8,1462.9,1490.3,1452.9,"0,61%",0.018729920021874236
2000-08-13,1491.7,1471.8,1499.5,1468.6,"1,35%",0.006173253707307369
2000-08-20,1506.5,1491.7,1513.4,1489.4,"0,99%",0.009269756585528643
2000-08-27,1520.8,1507.0,1530.0,1500.1,"0,95%",0.01096867979384153
2000-09-03,1494.5,1520.8,1520.8,1489.9,"-1,73%",-0.006013071895424882
2000-09-10,1465.8,1494.5,1506.6,1460.2,"-1,92%",-0.00933719095213048
2000-09-17,1448.7,1465.8,1467.9,1421.9,"-1,17%",-0.025686977299880454
2000-09-24,1436.5,1448.7,1461.7,1419.5,"-0,84%",-0.004223720961918365
2000-10-01,1409.0,1436.5,1454.8,1397.1,"-1,91%",-0.004720530888691288
2000-10-08,1374.2,1409.0,1409.7,1326.8,"-2,47%",-0.031000824855650144
2000-10-15,1396.9,1374.2,1408.5,1305.8,"1,65%",-0.0008512449457331872
2000-10-22,1379.6,1396.9,1415.6,1337.8,"-1,24%",0.005040823571174968
2000-10-29,1426.7,1379.6,1433.3,1376.9,"3,41%",0.01250353207120658
2000-11-05,1366.0,1428.8,1438.5,1366.0,"-4,25%",0.003627991348636117
2000-11-12,1367.7,1366.0,1396.0,1328.6,"0,12%",-0.029544664581160895
2000-11-19,1341.8,1367.7,1367.7,1321.9,"-1,89%",-0.02027220630372495
2000-11-26,1315.2,1341.8,1362.5,1294.9,"-1,98%",-0.003802003363310713
2000-12-03,1369.9,1315.2,1380.3,1310.2,"4,16%",0.013064220183486297
2000-12-10,1312.2,1369.9,1389.0,1305.4,"-4,21%",0.006302977613562355
2000-12-17,1306.0,1312.2,1346.4,1254.1,"-0,47%",-0.030669546436285056
2000-12-24,1320.3,1306.0,1340.1,1301.6,"1,09%",-0.004679144385026923
2000-12-31,1298.3,1320.3,1350.2,1274.6,"-1,67%",0.007536750988732299
2001-01-07,1318.3,1298.3,1333.2,1276.3,"1,54%",-0.012590727299659266
2001-01-14,1342.5,1318.3,1354.5,1313.3,"1,84%",0.01597659765976589
2001-01-21,1355.0,1342.5,1369.8,1333.8,"0,93%",0.011295681063122842
2001-01-28,1349.5,1354.9,1383.4,1348.7,"-0,41%",0.00992845670900877
2001-02-04,1314.8,1349.5,1363.5,1310.0,"-2,57%",-0.01438484892294356
2001-02-11,1301.5,1314.8,1336.6,1293.2,"-1,01%",-0.019728639530619763
2001-02-18,1245.9,1301.5,1307.2,1215.4,"-4,27%",-0.021996109531647323
2001-02-25,1234.2,1245.9,1272.8,1214.5,"-0,94%",-0.026315789473684292
2001-03-04,1233.4,1234.2,1267.4,1228.4,"-0,06%",-0.004242614707730907
2001-03-11,1150.5,1233.4,1233.4,1148.6,"-6,72%",-0.026826574088685495
2001-03-18,1139.8,1150.5,1180.6,1081.2,"-0,93%",-0.042808496838008914
2001-03-25,1160.3,1139.8,1183.4,1136.3,"1,80%",0.0023716754192784073
2001-04-01,1128.4,1160.3,1169.5,1092.0,"-2,75%",-0.011745817137062797
2001-04-08,1183.5,1128.4,1183.5,1126.4,"4,88%",0.01197092774690045
2001-04-15,1243.0,1183.5,1253.7,1167.4,"5,03%",0.05931558935361214
2001-04-22,1253.0,1243.0,1253.1,1207.4,"0,80%",-0.0004785833931563177
2001-04-29,1266.6,1253.0,1272.9,1232.0,"1,09%",0.015800813981326378
2001-05-06,1245.7,1266.6,1270.0,1240.8,"-1,65%",-0.00227826223583949
2001-05-13,1292.0,1245.7,1296.5,1241.0,"3,72%",0.020866141732283516
2001-05-20,1277.9,1292.0,1315.9,1276.4,"-1,09%",0.014963362900115795
2001-05-27,1260.7,1277.9,1278.4,1246.0,"-1,35%",-0.028497606201079106
2001-06-03,1265.0,1260.7,1286.6,1256.4,"0,34%",0.006414267834793375
2001-06-10,1214.4,1265.0,1265.0,1203.0,"-4,00%",-0.01678843463391877
2001-06-17,1225.3,1214.4,1240.2,1207.7,"0,90%",-0.01960474308300386
2001-06-24,1224.4,1225.3,1237.3,1204.6,"-0,07%",-0.002338332527011877
2001-07-01,1190.6,1224.4,1239.8,1188.7,"-2,76%",0.002020528570273905
2001-07-08,1215.7,1190.6,1218.5,1168.5,"2,11%",-0.017180190353282776
2001-07-15,1210.8,1215.7,1225.0,1196.1,"-0,40%",0.005334427574887224
2001-07-22,1205.8,1210.8,1215.2,1165.5,"-0,41%",-0.008000000000000007
2001-07-29,1214.3,1205.8,1226.3,1200.4,"0,70%",0.009134298880842495
2001-08-05,1190.2,1214.3,1214.3,1169.5,"-1,98%",-0.009785533719318229
2001-08-12,1162.0,1190.2,1198.8,1156.1,"-2,37%",-0.012764555711109238
2001-08-19,1184.9,1162.0,1185.2,1153.3,"1,97%",-0.011344678011344644
2001-08-26,1133.6,1184.9,1186.8,1124.9,"-4,33%",0.0013499831252108407
2001-09-02,1085.8,1133.6,1155.4,1082.1,"-4,22%",-0.026457701381867094
2001-09-09,1092.5,1085.8,1096.9,1073.2,"0,62%",-0.05063181582136056
2001-09-16,965.8,1092.5,1092.5,944.8,"-11,60%",-0.004011304585650577
2001-09-23,1040.9,965.8,1040.9,965.8,"7,78%",-0.04723112128146445
2001-09-30,1071.4,1037.9,1084.1,1026.8,"2,93%",0.04150254587376301
2001-10-07,1091.7,1060.3,1099.2,1052.7,"1,89%",0.013928604372290598
2001-10-14,1073.5,1083.4,1107.1,1057.2,"-1,67%",0.0071870451237261435
2001-10-21,1104.6,1073.5,1110.6,1065.6,"2,90%",0.0031614126998464886
2001-10-28,1087.2,1099.8,1104.6,1053.6,"-1,58%",-0.0054024851431658805
2001-11-04,1120.3,1087.2,1135.8,1087.2,"3,04%",0.0282455187398154
2001-11-11,1138.7,1112.7,1148.3,1098.3,"1,64%",0.011005458707519011
2001-11-18,1150.3,1143.9,1152.5,1129.8,"1,02%",0.0036575807715755193
2001-11-25,1139.5,1150.3,1163.4,1125.5,"-0,94%",0.009457700650759238
2001-12-02,1158.3,1139.5,1173.6,1125.8,"1,65%",0.008767405879319012
2001-12-09,1123.1,1152.4,1158.3,1114.5,"-3,04%",-0.0130368098159509
2001-12-16,1144.9,1123.1,1152.4,1122.3,"1,94%",-0.005093671760338259
2001-12-23,1161.0,1145.0,1164.6,1144.6,"1,41%",0.010586601874349011
2001-12-30,1172.5,1158.3,1176.5,1136.2,"0,99%",0.010218100635411398
2002-01-06,1145.6,1174.7,1177.0,1145.5,"-2,29%",0.00042498937526569414
2002-01-13,1127.6,1143.0,1148.8,1124.5,"-1,57%",-0.02395921835174175
2002-01-20,1133.3,1135.3,1139.5,1117.4,"0,51%",-0.00809540389972141
2002-01-27,1122.2,1136.3,1138.6,1081.7,"-0,98%",-0.0007898200965336111
2002-02-03,1096.2,1118.0,1122.2,1077.8,"-2,32%",-0.014403653609695977
2002-02-10,1104.2,1095.4,1124.7,1094.7,"0,73%",0.0022277668864729705
2002-02-17,1089.8,1102.2,1102.2,1074.4,"-1,30%",-0.02000533475593491
2002-02-24,1131.8,1090.8,1131.8,1089.8,"3,85%",0.026855380148793184
2002-03-03,1164.3,1130.9,1172.8,1130.9,"2,87%",0.036225481533839865
2002-03-10,1166.2,1164.0,1173.0,1151.0,"0,16%",0.00017053206002737298
2002-03-17,1148.7,1166.2,1173.9,1139.9,"-1,50%",0.0007672634271100875
2002-03-24,1147.4,1149.3,1154.5,1131.6,"-0,11%",-0.016526109549365398
2002-03-31,1122.7,1146.0,1147.8,1119.5,"-2,15%",-0.005803378085751487
2002-04-07,1111.0,1122.7,1131.8,1102.4,"-1,04%",-0.013939710751001866
2002-04-14,1125.2,1111.0,1132.9,1099.4,"1,28%",0.0009719031631032493
2002-04-21,1076.3,1125.2,1125.2,1076.3,"-4,35%",-0.006796716391561541
2002-04-28,1073.4,1076.3,1091.4,1063.5,"-0,27%",-0.030039104159260588
2002-05-05,1055.0,1073.4,1088.9,1049.0,"-1,71%",-0.002290635880520475
2002-05-12,1106.6,1055.0,1106.6,1053.9,"4,89%",0.016254936174120438
2002-05-19,1083.8,1106.6,1106.6,1075.6,"-2,06%",0.0
2002-05-26,1067.1,1083.8,1086.0,1054.3,"-1,54%",-0.01861557925176205
2002-06-02,1027.5,1067.1,1070.7,1012.5,"-3,71%",-0.014088397790055218
2002-06-09,1007.3,1027.5,1039.0,981.6,"-1,97%",-0.02960679929018406
2002-06-16,989.1,1007.3,1040.8,985.6,"-1,81%",0.0017324350336862526
2002-06-23,989.8,989.1,1005.9,952.9,"0,07%",-0.03353189853958494
2002-06-30,989.0,989.8,994.5,934.9,"-0,08%",-0.011333134506412157
2002-07-07,921.4,989.0,993.6,900.9,"-6,84%",-0.0009049773755656076
2002-07-14,847.8,921.4,926.5,842.1,"-7,99%",-0.06753220611916266
2002-07-21,852.8,847.8,854.1,775.7,"0,59%",-0.078143550998381
2002-07-28,864.2,852.8,911.6,852.8,"1,34%",0.06732232759630019
2002-08-04,908.6,864.2,914.0,833.4,"5,14%",0.002632733655111963
2002-08-11,928.8,908.6,935.4,876.2,"2,22%",0.02341356673960604
2002-08-18,940.9,928.8,965.0,927.2,"1,30%",0.031644216378020174
2002-08-25,916.1,940.9,955.8,903.3,"-2,64%",-0.009533678756476704
2002-09-01,893.9,916.1,916.1,870.5,"-2,42%",-0.041535886168654446
2002-09-08,889.8,893.9,924.0,877.0,"-0,46%",0.008623512716952275
2002-09-15,845.4,889.8,902.7,839.1,"-4,99%",-0.02305194805194799
2002-09-22,827.4,845.4,856.6,817.4,"-2,13%",-0.051069015176692156
2002-09-29,800.6,827.4,851.9,794.1,"-3,24%",-0.005486808311930935
2002-10-06,835.3,800.6,843.3,768.6,"4,33%",-0.0100950815823454
2002-10-13,884.4,835.3,886.7,828.4,"5,88%",0.051464484762243634
2002-10-20,897.6,884.4,902.9,873.1,"1,49%",0.018269989850005608
2002-10-27,901.0,897.6,907.4,867.9,"0,38%",0.004983940635729267
2002-11-03,894.7,901.0,925.7,891.6,"-0,70%",0.02016751157152319
2002-11-10,909.8,894.7,910.2,872.0,"1,69%",-0.0167440855568759
2002-11-17,930.5,909.8,937.3,893.1,"2,28%",0.02977367611513948
2002-11-24,936.3,930.5,941.8,912.1,"0,62%",0.0048010242184999274
2002-12-01,912.2,936.3,954.3,896.0,"-2,57%",0.013272456997239335
2002-12-08,889.5,912.2,912.2,888.5,"-2,49%",-0.04411610604631655
2002-12-15,895.8,889.5,911.2,880.3,"0,71%",-0.0010962508221881162
2002-12-22,875.4,895.7,903.9,873.6,"-2,28%",-0.008011413520632171
2002-12-29,908.6,875.4,911.2,869.5,"3,79%",0.00807611461444857
2003-01-05,927.6,908.6,932.9,908.3,"2,09%",0.023814749780509237
2003-01-12,901.8,927.6,935.0,899.0,"-2,78%",0.0022510451280952637
2003-01-19,861.4,901.8,906.0,859.7,"-4,48%",-0.031016042780748654
2003-01-26,855.7,861.4,868.7,840.3,"-0,66%",-0.04116997792494481
2003-02-02,829.7,855.7,864.6,826.7,"-3,04%",-0.004719696097617132
2003-02-09,834.9,829.7,843.0,806.3,"0,63%",-0.024982650936849482
2003-02-16,848.2,834.9,852.9,831.5,"1,59%",0.011743772241992856
2003-02-23,841.1,848.2,848.2,818.5,"-0,84%",-0.005510610857075826
2003-03-02,828.9,841.1,852.3,811.2,"-1,45%",0.0048337656213155444
2003-03-09,833.3,828.9,841.4,788.9,"0,53%",-0.012788924087762554
2003-03-16,895.8,833.3,895.9,827.2,"7,50%",0.06477299738531017
2003-03-23,863.5,895.8,895.8,858.1,"-3,61%",-0.0001116196004018466
2003-03-30,878.9,863.5,885.9,843.7,"1,78%",-0.011051574012056253
2003-04-06,868.3,878.9,904.9,862.8,"-1,21%",0.021447115927305527
2003-04-13,893.6,868.3,896.8,868.3,"2,91%",-0.00895126533318602
2003-04-20,898.8,893.6,919.7,886.7,"0,58%",0.025535236396075023
2003-04-27,930.1,898.8,930.6,898.8,"3,48%",0.01185169076872894
2003-05-04,933.4,930.1,939.6,919.7,"0,35%",0.009671179883945946
2003-05-11,944.3,933.4,948.6,929.3,"1,17%",0.009578544061302763
2003-05-18,933.2,944.3,944.3,912.0,"-1,18%",-0.0045329959940966225
2003-05-25,963.6,933.2,965.4,927.3,"3,26%",0.022344593879063845
2003-06-01,987.8,963.6,1007.7,963.6,"2,51%",0.043816034804226245
2003-06-08,988.6,987.8,1002.7,972.6,"0,08%",-0.004961794184777268
2003-06-15,995.7,988.6,1015.3,988.6,"0,72%",0.01256607160666201
2003-06-22,976.2,995.7,995.7,973.8,"-1,96%",-0.019304639022948766
2003-06-29,985.7,976.2,995.0,962.1,"0,97%",-0.0007030229988952419
2003-07-06,998.1,985.7,1010.4,983.6,"1,26%",0.015477386934673376
2003-07-13,993.3,998.1,1015.4,978.6,"-0,48%",0.004948535233570972
2003-07-20,998.7,993.3,998.9,975.6,"0,54%",-0.0162497537916092
2003-07-27,980.1,998.7,1004.6,978.9,"-1,86%",0.00570627690459502
2003-08-03,977.6,980.1,985.8,960.8,"-0,26%",-0.018713915986462326
2003-08-10,990.7,977.6,992.5,974.2,"1,34%",0.0067965104483669325
2003-08-17,993.1,990.7,1011.0,990.7,"0,24%",0.018639798488665038
2003-08-24,1008.0,993.1,1008.9,983.6,"1,50%",-0.002077151335311611
2003-08-31,1021.4,1008.0,1029.3,1005.7,"1,33%",0.02022004162949753
2003-09-07,1018.6,1021.4,1032.4,1007.7,"-0,27%",0.003011755562032592
2003-09-14,1036.3,1018.6,1040.3,1013.6,"1,74%",0.007652072839984259
2003-09-21,996.9,1036.3,1036.3,996.1,"-3,80%",-0.003845044698644662
2003-09-28,1029.8,996.9,1039.3,990.4,"3,30%",0.002894914600019227
2003-10-05,1038.1,1029.8,1048.3,1026.2,"0,81%",0.008659674781102744
2003-10-12,1039.3,1038.1,1053.8,1036.6,"0,12%",0.005246589716684236
2003-10-19,1028.9,1039.3,1048.6,1018.3,"-1,00%",-0.004934522679825415
2003-10-26,1050.7,1028.9,1053.1,1028.9,"2,12%",0.004291436200648535
2003-11-02,1053.2,1050.7,1062.4,1044.9,"0,24%",0.008831070173772826
2003-11-09,1050.3,1053.2,1063.7,1043.5,"-0,28%",0.0012236445783131433
2003-11-16,1035.3,1050.3,1050.3,1031.2,"-1,43%",-0.012597536899501827
2003-11-23,1058.2,1035.3,1060.6,1035.3,"2,21%",0.009806721888984127
2003-11-30,1061.5,1058.2,1074.3,1058.2,"0,31%",0.012917216669809495
2003-12-07,1074.1,1061.5,1074.8,1053.4,"1,19%",0.00046541934282795516
2003-12-14,1088.7,1074.1,1091.1,1068.0,"1,36%",0.015165612206922141
2003-12-21,1095.9,1088.7,1098.5,1086.1,"0,66%",0.006782146457703364
2003-12-28,1108.5,1095.9,1118.8,1095.9,"1,15%",0.01847974510696404
2004-01-04,1121.9,1108.5,1131.9,1108.5,"1,21%",0.011708973900607988
2004-01-11,1139.8,1121.9,1139.8,1115.2,"1,60%",0.006979415142680301
2004-01-18,1141.5,1139.8,1150.5,1134.6,"0,15%",0.009387611861730205
2004-01-25,1131.1,1141.5,1155.4,1122.4,"-0,91%",0.004259017818339927
2004-02-01,1142.8,1131.1,1142.8,1124.4,"1,03%",-0.010905314176908543
2004-02-08,1145.8,1142.8,1158.9,1138.7,"0,26%",0.014088204410220628
2004-02-15,1144.1,1145.8,1159.0,1139.0,"-0,15%",8.628872206384308e-05
2004-02-22,1144.9,1144.1,1151.7,1134.4,"0,07%",-0.0062985332182915466
2004-02-29,1156.9,1144.9,1163.2,1143.8,"1,05%",0.009985239211600216
2004-03-07,1120.6,1156.9,1159.9,1105.9,"-3,14%",-0.002837001375515791
2004-03-14,1109.8,1120.6,1125.8,1102.6,"-0,96%",-0.029399086128114593
2004-03-21,1108.1,1109.8,1115.3,1087.1,"-0,15%",-0.009326701012613237
2004-03-28,1141.8,1108.1,1144.8,1108.1,"3,04%",0.026450282435219297
2004-04-04,1139.3,1141.8,1150.6,1134.5,"-0,22%",0.005066387141858808
2004-04-11,1134.6,1139.3,1147.8,1120.8,"-0,41%",-0.0024335129497653485
2004-04-18,1140.6,1134.6,1142.8,1116.0,"0,53%",-0.004356159609688048
2004-04-25,1107.3,1140.6,1146.8,1107.2,"-2,92%",0.003500175008750439
2004-05-02,1098.7,1107.3,1127.7,1098.6,"-0,78%",-0.016655040111614894
2004-05-09,1095.7,1098.7,1102.8,1076.3,"-0,27%",-0.022080340516094754
2004-05-16,1093.6,1095.7,1105.9,1079.4,"-0,19%",0.002811026478056089
2004-05-23,1120.7,1093.6,1124.0,1090.7,"2,48%",0.016366760104891798
2004-05-30,1122.5,1120.7,1129.2,1113.3,"0,16%",0.00462633451957295
2004-06-06,1136.5,1122.5,1142.2,1122.5,"1,25%",0.011512575274530645
2004-06-13,1135.0,1136.5,1139.1,1122.2,"-0,13%",-0.002714060584836364
2004-06-20,1134.4,1135.0,1146.3,1124.4,"-0,05%",0.0063207795628128505
2004-06-27,1125.4,1134.4,1144.2,1123.1,"-0,79%",-0.0018319811567651945
2004-07-04,1112.8,1125.4,1125.4,1108.7,"-1,12%",-0.016430693934626817
2004-07-11,1101.4,1112.8,1119.6,1101.1,"-1,02%",-0.005153723120668419
2004-07-18,1086.2,1101.4,1116.3,1083.5,"-1,38%",-0.002947481243301131
2004-07-25,1101.7,1086.2,1103.7,1078.8,"1,43%",-0.01128728836334314
2004-08-01,1064.0,1101.7,1108.6,1062.2,"-3,42%",0.004439612213463784
2004-08-08,1064.8,1064.0,1079.0,1060.7,"0,08%",-0.026700342774670704
2004-08-15,1098.3,1064.8,1100.3,1064.8,"3,15%",0.01974050046339193
2004-08-22,1107.8,1098.3,1109.7,1092.8,"0,86%",0.008543124602381269
2004-08-29,1113.6,1107.8,1120.8,1094.7,"0,52%",0.010002703433360294
2004-09-05,1123.9,1113.6,1125.3,1113.6,"0,92%",0.004014989293361859
2004-09-12,1128.5,1123.9,1130.5,1119.7,"0,41%",0.004620989958233457
2004-09-19,1110.1,1128.5,1131.5,1108.0,"-1,63%",0.0008845643520565272
2004-09-26,1131.5,1110.1,1131.6,1101.3,"1,93%",8.83782589482518e-05
2004-10-03,1122.1,1131.5,1142.0,1120.2,"-0,83%",0.009190526687875566
2004-10-10,1108.2,1122.1,1127.0,1102.1,"-1,24%",-0.013134851138353776
2004-10-17,1095.7,1108.2,1118.0,1094.2,"-1,13%",-0.007985803016858917
2004-10-24,1130.2,1095.7,1131.4,1090.2,"3,15%",0.011985688729874822
2004-10-31,1166.2,1130.2,1170.9,1127.5,"3,19%",0.03491249779034833
2004-11-07,1184.2,1166.2,1184.2,1162.3,"1,54%",0.011358783841489473
2004-11-14,1170.3,1184.2,1188.5,1169.2,"-1,17%",0.003631143387941238
2004-11-21,1182.7,1170.3,1186.6,1167.9,"1,06%",-0.0015986537652503685
2004-11-28,1191.2,1182.7,1197.5,1172.4,"0,72%",0.009185909320748475
2004-12-05,1188.0,1191.2,1192.4,1173.8,"-0,27%",-0.0042588726513569375
2004-12-12,1194.2,1188.0,1208.0,1188.0,"0,52%",0.01308285810130827
2004-12-19,1210.1,1194.2,1213.7,1193.4,"1,33%",0.004718543046357659
2004-12-26,1211.9,1210.1,1217.3,1204.9,"0,15%",0.0029661366070692363
2005-01-02,1186.2,1211.9,1217.9,1182.1,"-2,12%",0.0004928941099155981
2005-01-09,1184.5,1186.2,1194.8,1175.6,"-0,14%",-0.018967074472452716
2005-01-16,1167.9,1184.5,1196.0,1167.8,"-1,40%",0.001004352192835567
2005-01-23,1171.4,1167.9,1177.5,1163.8,"0,30%",-0.015468227424749181
2005-01-30,1203.0,1171.4,1203.5,1171.4,"2,70%",0.022080679405520165
2005-02-06,1205.3,1203.0,1208.4,1191.5,"0,19%",0.004071458246780235
2005-02-13,1201.6,1205.3,1212.4,1197.3,"-0,31%",0.0033101621979476636
2005-02-20,1211.4,1201.6,1212.2,1184.2,"0,82%",-0.00016496205872651437
2005-02-27,1222.1,1211.4,1224.8,1198.1,"0,88%",0.010394324368915964
2005-03-06,1200.1,1222.1,1229.1,1198.2,"-1,80%",0.0035107772697582362
2005-03-13,1189.7,1200.1,1210.5,1182.8,"-0,87%",-0.015133024164022402
2005-03-20,1171.4,1189.7,1189.7,1168.7,"-1,54%",-0.01718298223874426
2005-03-27,1172.9,1171.4,1189.8,1163.7,"0,13%",8.405480373196994e-05
2005-04-03,1181.2,1172.8,1191.9,1167.7,"0,71%",0.0017650025214321907
2005-04-10,1142.6,1181.2,1190.2,1141.9,"-3,27%",-0.0014262941521939743
2005-04-17,1152.1,1142.6,1160.0,1136.2,"0,83%",-0.02537388674172414
2005-04-24,1156.8,1152.1,1164.8,1139.2,"0,41%",0.004137931034482678
2005-05-01,1171.3,1156.8,1178.6,1154.7,"1,25%",0.011847527472527375
2005-05-08,1154.0,1171.3,1178.9,1146.2,"-1,48%",0.00025453928389640446
2005-05-15,1189.3,1154.0,1191.2,1153.6,"3,06%",0.010433454915599327
2005-05-22,1198.8,1189.3,1199.6,1186.0,"0,80%",0.007051712558764134
2005-05-29,1196.0,1198.8,1205.6,1191.0,"-0,23%",0.00500166722240758
2005-06-05,1198.1,1196.0,1208.8,1191.1,"0,18%",0.002654280026542777
2005-06-12,1217.0,1198.1,1219.5,1194.5,"1,58%",0.00885175380542691
2005-06-19,1191.6,1217.0,1219.6,1191.5,"-2,09%",8.200082000819897e-05
2005-06-26,1194.4,1191.6,1204.1,1188.3,"0,23%",-0.012709084945883853
2005-07-03,1211.9,1194.4,1212.7,1183.5,"1,47%",0.00714226393156725
2005-07-10,1227.9,1211.9,1233.2,1211.9,"1,32%",0.016904428135565253
2005-07-17,1233.7,1227.9,1236.6,1221.1,"0,47%",0.002757054816736826
2005-07-24,1234.2,1233.7,1245.2,1228.2,"0,04%",0.00695455280608126
2005-07-31,1226.4,1234.2,1245.9,1225.6,"-0,63%",0.0005621586893671537
2005-08-07,1230.4,1226.4,1242.7,1222.7,"0,33%",-0.0025684244321374505
2005-08-14,1219.7,1230.4,1236.2,1215.9,"-0,87%",-0.005230546390923019
2005-08-21,1205.1,1219.7,1229.0,1204.2,"-1,20%",-0.0058243002750364425
2005-08-28,1218.0,1205.1,1227.3,1201.1,"1,07%",-0.0013832384052074875
2005-09-04,1241.5,1218.0,1243.1,1218.0,"1,93%",0.012873787989896579
2005-09-11,1237.9,1241.5,1242.6,1224.8,"-0,29%",-0.0004022202558120469
2005-09-18,1215.3,1237.9,1237.9,1205.3,"-1,83%",-0.003782391759214354
2005-09-25,1228.8,1215.3,1229.6,1211.1,"1,11%",-0.006704903465546641
2005-10-02,1195.9,1228.8,1233.3,1181.9,"-2,68%",0.0030091086532206823
2005-10-09,1186.6,1195.9,1196.5,1168.2,"-0,78%",-0.029838644287683458
2005-10-16,1179.6,1186.6,1197.3,1170.5,"-0,59%",0.0006686167989971015
2005-10-23,1198.4,1179.6,1204.0,1178.9,"1,59%",0.005595924162699495
2005-10-30,1220.1,1198.4,1224.7,1198.4,"1,81%",0.017192691029900287
2005-11-06,1234.7,1220.1,1235.7,1215.0,"1,20%",0.008981791459132804
2005-11-13,1248.3,1234.7,1249.6,1226.4,"1,10%",0.01124868495589526
2005-11-20,1268.2,1248.3,1270.6,1246.9,"1,59%",0.016805377720870762
2005-11-27,1265.1,1268.2,1268.4,1249.4,"-0,24%",-0.001731465449393843
2005-12-04,1259.4,1265.1,1272.9,1250.9,"-0,45%",0.0035477767265845728
2005-12-11,1267.3,1259.4,1275.8,1255.5,"0,63%",0.002278262235839268
2005-12-18,1268.7,1267.3,1270.5,1257.2,"0,11%",-0.004154256153002023
2005-12-25,1248.3,1268.7,1271.8,1246.6,"-1,61%",0.0010232192050374511
2006-01-01,1285.5,1248.3,1286.1,1245.7,"2,98%",0.011243906274571502
2006-01-08,1287.6,1285.5,1294.9,1282.8,"0,16%",0.006842391726926467
2006-01-15,1261.5,1287.6,1287.8,1260.9,"-2,03%",-0.0054830488840837965
2006-01-22,1283.7,1261.5,1286.4,1259.4,"1,76%",-0.001087125330020089
2006-01-29,1264.0,1283.7,1287.9,1261.0,"-1,53%",0.0011660447761194792
2006-02-05,1267.0,1264.0,1274.6,1253.6,"0,24%",-0.010326888733597439
2006-02-12,1287.2,1267.0,1289.5,1258.3,"1,59%",0.011689941942570226
2006-02-19,1289.4,1287.2,1294.2,1281.3,"0,17%",0.0036448235750290436
2006-02-26,1287.2,1289.4,1297.6,1278.7,"-0,17%",0.0026271055478286343
2006-03-05,1281.6,1287.2,1288.2,1268.4,"-0,44%",-0.0072441430332921275
2006-03-12,1307.2,1281.6,1310.5,1281.6,"2,00%",0.01731097655643521
2006-03-19,1303.0,1307.2,1310.9,1295.8,"-0,32%",0.00030522701259072527
2006-03-26,1294.8,1303.0,1310.2,1291.8,"-0,63%",-0.00053398428560536
2006-04-02,1295.5,1302.9,1314.1,1294.2,"0,05%",0.0029766447870553936
2006-04-09,1289.1,1295.5,1300.7,1283.0,"-0,49%",-0.010197093067498608
2006-04-16,1311.3,1289.1,1318.2,1280.7,"1,72%",0.013454293841777432
2006-04-23,1310.6,1311.3,1316.0,1295.6,"-0,05%",-0.0016689424973449496
2006-04-30,1325.8,1310.6,1326.5,1303.5,"1,16%",0.007978723404255428
2006-05-07,1291.2,1325.8,1326.7,1290.4,"-2,61%",0.00015077271013952398
2006-05-14,1267.0,1291.2,1297.9,1256.3,"-1,87%",-0.021707997286500302
2006-05-21,1280.2,1267.0,1280.5,1245.3,"1,04%",-0.013406271669620273
2006-05-28,1288.2,1280.0,1290.7,1259.4,"0,62%",0.007965638422491317
2006-06-04,1252.3,1288.2,1288.2,1235.2,"-2,79%",-0.001936933446966771
2006-06-11,1251.5,1252.3,1258.6,1219.3,"-0,06%",-0.022977798478497236
2006-06-18,1244.5,1251.5,1258.0,1237.2,"-0,56%",-0.0004767201652629005
2006-06-25,1270.2,1244.5,1276.3,1237.6,"2,07%",0.014546899841017424
2006-07-02,1265.5,1270.1,1280.4,1263.1,"-0,37%",0.003212410875186089
2006-07-09,1236.2,1265.5,1274.1,1228.5,"-2,32%",-0.0049203373945643225
2006-07-16,1240.3,1236.2,1262.6,1224.5,"0,33%",-0.009025979122517902
2006-07-23,1278.5,1240.2,1280.4,1240.2,"3,08%",0.014097893236179493
2006-07-30,1279.4,1278.5,1292.9,1265.7,"0,07%",0.009762574195563811
2006-08-06,1266.7,1279.3,1283.7,1261.3,"-0,99%",-0.007115786217031461
2006-08-13,1302.3,1266.7,1302.3,1266.7,"2,81%",0.01448936667445655
2006-08-20,1295.1,1302.3,1302.5,1289.5,"-0,55%",0.00015357444521235664
2006-08-27,1311.0,1295.1,1312.0,1294.0,"1,23%",0.007293666026871426
2006-09-03,1298.9,1310.9,1314.7,1292.1,"-0,92%",0.0020579268292684194
2006-09-10,1319.9,1298.9,1324.7,1290.9,"1,62%",0.007606298014756208
2006-09-17,1314.8,1319.8,1328.5,1310.9,"-0,39%",0.0028685740167584406
2006-09-24,1335.8,1314.8,1340.3,1311.6,"1,60%",0.008882197967632566
2006-10-01,1349.6,1335.8,1353.8,1327.1,"1,03%",0.010072371857047013
2006-10-08,1365.6,1349.6,1366.6,1343.6,"1,19%",0.009454867779583376
2006-10-15,1368.6,1365.6,1372.9,1356.9,"0,22%",0.004609980974681793
2006-10-22,1377.3,1368.6,1389.5,1363.9,"0,64%",0.012091193823293711
2006-10-29,1364.3,1377.3,1382.0,1361.0,"-0,94%",-0.005397625044980203
2006-11-05,1380.9,1364.3,1388.9,1364.3,"1,22%",0.004992764109985615
2006-11-12,1401.2,1380.6,1403.8,1378.8,"1,47%",0.010727914176686504
2006-11-19,1401.0,1401.2,1407.9,1397.8,"-0,01%",0.0029206439663771455
2006-11-26,1396.7,1401.0,1406.3,1377.8,"-0,31%",-0.001136444349740806
2006-12-03,1409.8,1396.7,1418.3,1396.7,"0,94%",0.008533029936713454
2006-12-10,1427.1,1409.8,1431.6,1404.8,"1,23%",0.009377423676232066
2006-12-17,1410.8,1427.1,1431.8,1410.3,"-1,14%",0.00013970382788497382
2006-12-24,1418.3,1410.8,1427.7,1410.5,"0,53%",-0.0028635284257577664
2006-12-31,1409.7,1418.0,1429.4,1405.8,"-0,61%",0.0011907263430692705
2007-01-07,1430.7,1409.3,1431.2,1404.0,"1,49%",0.00125926962361822
2007-01-14,1430.5,1430.7,1435.3,1424.2,"-0,01%",0.0028647288988261632
2007-01-21,1422.2,1430.5,1440.7,1417.0,"-0,58%",0.0037622796627883037
2007-01-28,1448.4,1422.0,1449.3,1418.5,"1,84%",0.005969320469216388
2007-02-04,1438.1,1448.3,1453.0,1433.4,"-0,71%",0.0025529565997377546
2007-02-11,1455.5,1438.0,1458.0,1431.4,"1,21%",0.0034411562284928365
2007-02-18,1451.2,1455.5,1461.6,1448.4,"-0,30%",0.0024691358024691024
2007-02-25,1387.2,1451.0,1457.0,1380.9,"-4,41%",-0.003147235905856527
2007-03-04,1402.8,1387.1,1410.2,1374.0,"1,12%",-0.03212079615648589
2007-03-11,1387.0,1402.8,1409.3,1364.0,"-1,13%",-0.0006382073464757942
2007-03-18,1436.1,1387.0,1438.9,1387.0,"3,54%",0.021003334989001754
2007-03-25,1420.9,1436.1,1437.7,1408.9,"-1,06%",-0.0008339703940510867
2007-04-01,1443.8,1420.8,1444.9,1416.4,"1,61%",0.005007998887111453
2007-04-08,1452.8,1443.8,1453.1,1433.9,"0,62%",0.005675133227212914
2007-04-15,1484.3,1452.8,1484.7,1452.8,"2,17%",0.021746610694377555
2007-04-22,1494.1,1484.3,1498.0,1473.7,"0,66%",0.00895803866100886
2007-04-29,1505.6,1494.1,1510.3,1476.7,"0,77%",0.008210947930574086
2007-05-06,1505.8,1505.6,1513.8,1491.4,"0,01%",0.0023174203800568893
2007-05-13,1522.8,1505.8,1522.8,1498.3,"1,13%",0.005945303210463715
2007-05-20,1515.7,1522.8,1532.4,1505.2,"-0,47%",0.0063041765169424835
2007-05-27,1536.3,1515.5,1540.6,1510.1,"1,36%",0.005351083268076096
2007-06-03,1507.7,1536.3,1540.5,1487.4,"-1,86%",-6.490977541206977e-05
2007-06-10,1532.9,1507.6,1538.7,1492.7,"1,67%",-0.0011684518013631573
2007-06-17,1502.6,1532.9,1537.3,1500.7,"-1,98%",-0.0009098589718594674
2007-06-24,1503.3,1502.6,1517.5,1484.2,"0,05%",-0.012879724191764752
2007-07-01,1530.4,1504.7,1532.4,1504.7,"1,80%",0.00981878088962107
2007-07-08,1552.5,1530.4,1555.1,1506.1,"1,44%",0.01481336465674743
2007-07-15,1534.1,1552.5,1555.9,1529.2,"-1,19%",0.0005144363706515165
2007-07-22,1459.0,1534.1,1547.2,1459.0,"-4,90%",-0.0055916189986503495
2007-07-29,1433.1,1458.9,1488.3,1432.8,"-1,78%",-0.03806876938986559
2007-08-05,1453.6,1433.0,1503.9,1427.4,"1,43%",0.010481757710139261
2007-08-12,1445.9,1453.4,1466.3,1370.6,"-0,53%",-0.025001662344570907
2007-08-19,1479.4,1445.9,1479.4,1430.5,"2,32%",0.00893405169474204
2007-08-26,1474.0,1479.4,1481.5,1432.0,"-0,37%",0.001419494389617304
2007-09-02,1453.5,1474.0,1496.4,1449.1,"-1,39%",0.010057374282821607
2007-09-09,1484.2,1453.5,1489.6,1439.3,"2,11%",-0.00454423950815297
2007-09-16,1525.8,1484.2,1538.7,1471.8,"2,80%",0.03296186895810971
2007-09-23,1526.8,1525.8,1533.7,1507.1,"0,07%",-0.003249496328069146
2007-09-30,1557.6,1527.3,1561.9,1527.2,"2,02%",0.018386907478646464
2007-10-07,1561.8,1556.5,1576.1,1546.7,"0,27%",0.009091491132594776
2007-10-14,1500.6,1562.2,1564.7,1500.3,"-3,92%",-0.00723304358860466
2007-10-21,1535.3,1497.8,1535.5,1489.6,"2,31%",-0.01866172429219659
2007-10-28,1509.7,1536.9,1552.8,1492.5,"-1,67%",0.011266688375122014
2007-11-04,1453.7,1505.6,1520.8,1448.5,"-3,71%",-0.020607934054611032
2007-11-11,1458.7,1453.7,1492.1,1438.5,"0,34%",-0.018871646501841144
2007-11-18,1440.7,1456.7,1456.7,1415.6,"-1,23%",-0.02372495141076325
2007-11-25,1481.1,1440.7,1488.9,1406.1,"2,80%",0.022104757328207603
2007-12-02,1504.7,1479.6,1510.6,1460.7,"1,59%",0.014574518100611167
2007-12-09,1468.0,1505.1,1523.6,1467.8,"-2,44%",0.008605851979345935
2007-12-16,1484.5,1465.0,1485.4,1435.7,"1,12%",-0.02507219742714617
2007-12-23,1478.5,1484.5,1498.8,1471.7,"-0,40%",0.009021139087114438
2007-12-30,1411.6,1475.2,1475.8,1411.2,"-4,52%",-0.015345609821190265
2008-01-06,1401.0,1414.1,1430.3,1378.7,"-0,75%",-0.030830735872069415
2008-01-13,1325.2,1402.9,1417.9,1312.5,"-5,41%",-0.008669509893029392
2008-01-20,1330.6,1312.9,1368.6,1270.0,"0,41%",-0.03476972988222027
2008-01-27,1395.4,1330.7,1396.0,1322.3,"4,87%",0.02002045886307191
2008-02-03,1331.3,1395.4,1395.4,1316.8,"-4,59%",-0.00042979942693399664
2008-02-10,1350.0,1331.9,1369.2,1320.3,"1,40%",-0.018775978214132127
2008-02-17,1353.1,1355.9,1367.9,1327.0,"0,23%",-0.0009494595384165194
2008-02-24,1330.6,1352.8,1388.3,1325.4,"-1,66%",0.014913370860442976
2008-03-02,1293.4,1330.5,1344.2,1282.4,"-2,80%",-0.0317654685586688
2008-03-09,1288.1,1293.2,1333.3,1272.7,"-0,41%",-0.008108912364231613
2008-03-16,1329.5,1283.2,1341.5,1257.0,"3,21%",0.006150153753843979
2008-03-23,1315.2,1330.3,1359.7,1313.0,"-1,08%",0.013566902720834939
2008-03-30,1370.4,1315.9,1380.9,1312.8,"4,20%",0.015591674634110486
2008-04-06,1332.8,1373.7,1386.7,1331.2,"-2,74%",0.0042001593163878415
2008-04-13,1390.3,1332.2,1395.9,1324.3,"4,31%",0.006634455902502445
2008-04-20,1397.8,1387.7,1399.1,1369.8,"0,54%",0.00229242782434258
2008-04-27,1413.9,1398.0,1422.7,1383.1,"1,15%",0.016867986562790538
2008-05-04,1388.3,1412.8,1421.6,1384.1,"-1,81%",-0.0007731777605961554
2008-05-11,1425.3,1389.4,1425.8,1386.2,"2,67%",0.0029544175576814435
2008-05-18,1375.9,1425.3,1440.2,1373.7,"-3,47%",0.010099593210828983
2008-05-25,1400.4,1376.0,1406.3,1373.1,"1,78%",-0.023538397444799353
2008-06-01,1360.7,1399.6,1404.0,1359.9,"-2,83%",-0.0016354974045367232
2008-06-08,1360.0,1360.8,1370.6,1331.3,"-0,05%",-0.02378917378917389
2008-06-15,1317.9,1358.8,1366.6,1314.5,"-3,10%",-0.002918429884722018
2008-06-22,1278.4,1319.8,1335.6,1272.0,"-3,00%",-0.02268403336748137
2008-06-29,1262.9,1278.1,1292.2,1252.0,"-1,21%",-0.032494758909853094
2008-07-06,1239.5,1262.9,1277.4,1225.3,"-1,85%",-0.011453335396997333
2008-07-13,1260.7,1241.6,1262.3,1200.4,"1,71%",-0.011820886175043177
2008-07-20,1257.8,1261.8,1291.2,1248.8,"-0,23%",0.022894715994613124
2008-07-27,1260.3,1257.8,1284.9,1234.4,"0,20%",-0.00487918215613381
2008-08-03,1296.3,1260.2,1297.8,1247.5,"2,86%",0.01003969180480957
2008-08-10,1298.2,1294.4,1313.2,1274.9,"0,15%",0.011866235167206085
2008-08-17,1292.2,1298.1,1300.2,1261.2,"-0,46%",-0.009899482180932062
2008-08-24,1282.8,1290.5,1300.7,1263.2,"-0,73%",0.00038455622211963636
2008-08-31,1242.3,1287.8,1303.0,1217.2,"-3,16%",0.0017682786192050326
2008-09-07,1251.7,1249.5,1274.4,1211.5,"0,76%",-0.02194934765924783
2008-09-14,1255.1,1250.9,1265.1,1133.5,"0,27%",-0.007297551789077317
2008-09-21,1213.0,1255.4,1255.4,1179.8,"-3,35%",-0.007667378072879427
2008-09-28,1099.2,1209.1,1209.1,1098.1,"-9,38%",-0.0368806754819182
2008-10-05,899.2,1097.6,1097.6,839.8,"-18,20%",-0.09221735174923495
2008-10-12,940.5,912.8,1044.3,865.8,"4,59%",-0.048560495626822076
2008-10-19,876.8,943.5,985.4,852.9,"-6,77%",-0.05640141721727476
2008-10-26,968.8,874.3,984.4,845.3,"10,49%",-0.0010148163182464032
2008-11-02,931.0,968.7,1007.5,899.7,"-3,90%",0.023466070702966357
2008-11-09,873.3,936.8,952.0,818.7,"-6,20%",-0.05508684863523572
2008-11-16,800.0,873.2,882.3,741.0,"-8,39%",-0.07321428571428579
2008-11-23,896.2,801.2,896.2,801.2,"12,03%",0.015754278590048854
2008-11-30,876.1,888.6,888.6,815.7,"-2,24%",-0.008480249944208929
2008-12-07,879.7,882.7,918.6,851.4,"0,41%",0.03376097231600261
2008-12-14,887.9,881.1,918.9,857.7,"0,93%",0.0003265839320705233
2008-12-21,872.8,887.2,887.4,857.1,"-1,70%",-0.03428011753183158
2008-12-28,931.8,872.4,934.7,857.1,"6,76%",0.05330178048230794
2009-01-04,890.4,929.2,943.9,888.3,"-4,44%",0.009842730287792811
2009-01-11,850.1,890.4,890.4,817.0,"-4,53%",-0.056679733022565904
2009-01-18,832.0,849.6,849.6,804.3,"-2,13%",-0.04582210242587592
2009-01-25,825.9,832.5,877.9,821.7,"-0,73%",0.03330979284369118
2009-02-01,868.6,823.1,870.8,812.9,"5,17%",-0.008087481489919113
2009-02-08,826.8,868.2,875.0,808.1,"-4,81%",0.004823151125401992
2009-02-15,770.0,818.6,818.6,754.2,"-6,87%",-0.06445714285714288
2009-02-22,735.1,773.2,780.1,734.5,"-4,53%",-0.047031517224529695
2009-03-01,683.4,729.6,729.6,666.8,"-7,03%",-0.06473529034739134
2009-03-08,756.5,680.8,758.3,672.9,"10,70%",0.03933662280701755
2009-03-15,768.5,758.8,803.2,749.9,"1,59%",0.05921139390742458
2009-03-22,815.9,772.3,833.0,772.3,"6,17%",0.03710159362549792
2009-03-29,842.5,809.1,845.6,779.8,"3,26%",0.015126050420168013
2009-04-05,856.6,839.8,856.9,814.5,"1,67%",0.013363292336802113
2009-04-12,869.6,855.3,875.6,835.6,"1,52%",0.021822849807445532
2009-04-19,866.2,868.3,871.8,826.8,"-0,39%",-0.004339881224303399
2009-04-26,877.5,862.8,888.7,847.1,"1,30%",0.019385180087176046
2009-05-03,929.2,879.2,930.2,879.2,"5,89%",0.04669742320243042
2009-05-10,882.9,923.0,923.0,878.9,"-4,98%",-0.007740270909481928
2009-05-17,887.0,886.1,924.6,879.6,"0,46%",0.0017334777898159182
2009-05-24,919.1,887.0,920.0,881.5,"3,62%",-0.00497512437810943
2009-05-31,940.1,923.3,951.7,923.3,"2,28%",0.034456521739130386
2009-06-07,946.2,938.1,956.2,926.4,"0,65%",0.004728380792266451
2009-06-14,921.2,942.5,942.5,903.8,"-2,64%",-0.014327546538381086
2009-06-21,918.9,918.1,922.0,888.9,"-0,25%",-0.021750663129973424
2009-06-28,896.4,919.9,931.9,896.4,"-2,45%",0.010737527114967449
2009-07-05,879.1,894.3,898.7,869.3,"-1,93%",-0.03562614014379217
2009-07-12,940.4,879.6,944.0,875.3,"6,97%",0.050406142205407845
2009-07-19,979.3,942.1,979.8,941.0,"4,14%",0.03792372881355921
2009-07-26,987.5,978.6,996.7,968.6,"0,84%",0.017248418044498948
2009-08-02,1010.5,990.2,1018.0,990.2,"2,33%",0.021370522724992513
2009-08-09,1004.1,1008.9,1013.1,992.4,"-0,63%",-0.00481335952848716
2009-08-16,1026.1,998.2,1027.6,978.5,"2,19%",0.014312506169183559
2009-08-23,1028.9,1026.6,1039.5,1016.2,"0,27%",0.011580381471389734
2009-08-30,1016.4,1025.2,1028.5,992.0,"-1,21%",-0.010582010582010581
2009-09-06,1042.7,1018.7,1048.2,1018.7,"2,59%",0.0191541079241615
2009-09-13,1068.3,1040.2,1074.8,1035.0,"2,46%",0.025376836481587395
2009-09-20,1044.4,1067.1,1080.2,1041.2,"-2,24%",0.0050241905470787
2009-09-27,1025.2,1045.4,1069.6,1020.0,"-1,84%",-0.009812997593038442
2009-10-04,1071.5,1026.9,1071.5,1025.9,"4,52%",0.0017763649962603267
2009-10-11,1087.7,1071.6,1096.6,1066.7,"1,51%",0.023425104993000323
2009-10-18,1079.6,1088.2,1101.4,1074.3,"-0,74%",0.004377165785154347
2009-10-25,1036.2,1080.4,1091.8,1033.4,"-4,02%",-0.00871617940802627
2009-11-01,1069.3,1036.2,1071.5,1029.4,"3,19%",-0.01859314892837516
2009-11-08,1093.5,1072.3,1105.4,1072.3,"2,26%",0.031637890807279634
2009-11-15,1091.4,1094.1,1113.7,1086.8,"-0,19%",0.007508594174054695
2009-11-22,1091.5,1094.9,1112.4,1083.7,"0,01%",-0.0011672802370475965
2009-11-29,1106.0,1091.1,1119.1,1086.2,"1,33%",0.006023013304566449
2009-12-06,1106.4,1105.5,1110.7,1085.9,"0,04%",-0.007506031632561805
2009-12-13,1102.5,1107.8,1116.2,1093.9,"-0,35%",0.004951832177905846
2009-12-20,1126.5,1105.3,1126.5,1105.3,"2,18%",0.009227736964701583
2009-12-27,1115.1,1127.5,1130.4,1114.8,"-1,01%",0.0034620505992011275
2010-01-03,1145.0,1116.6,1145.4,1116.6,"2,68%",0.013269639065817351
2010-01-10,1136.0,1146.0,1150.4,1131.4,"-0,79%",0.004365287235900128
2010-01-17,1091.8,1136.0,1150.5,1090.2,"-3,89%",8.692628650885936e-05
2010-01-24,1073.9,1092.4,1103.7,1071.6,"-1,64%",-0.04067796610169483
2010-01-31,1066.2,1073.9,1104.7,1044.5,"-0,72%",0.0009060433088701192
2010-02-07,1075.5,1065.5,1080.0,1056.5,"0,87%",-0.022359011496333903
2010-02-14,1109.2,1079.1,1112.4,1079.1,"3,13%",0.030000000000000027
2010-02-21,1104.5,1110.0,1112.3,1086.0,"-0,42%",-8.989572096385068e-05
2010-02-28,1138.7,1105.4,1139.4,1105.4,"3,10%",0.024363930594264227
2010-03-07,1150.0,1138.4,1153.4,1134.9,"0,99%",0.01228716868527302
2010-03-14,1159.9,1148.5,1169.8,1141.5,"0,86%",0.014218831281428645
2010-03-21,1166.6,1157.2,1180.7,1152.9,"0,58%",0.009317832108052704
2010-03-28,1178.1,1167.7,1181.4,1165.8,"0,99%",0.0005928686372491665
2010-04-04,1194.4,1178.7,1194.7,1175.1,"1,38%",0.01125782969358391
2010-04-11,1192.1,1194.9,1213.9,1186.8,"-0,19%",0.016070980162383952
2010-04-18,1217.3,1192.1,1217.3,1183.7,"2,11%",0.0028008896943734207
2010-04-25,1186.7,1217.1,1219.8,1181.6,"-2,51%",0.0020537254579808817
2010-05-02,1110.9,1188.6,1205.1,1065.8,"-6,39%",-0.012051155927201185
2010-05-09,1135.7,1122.3,1173.6,1122.3,"2,23%",-0.026138909634055296
2010-05-16,1087.7,1136.5,1148.7,1055.9,"-4,23%",-0.021216768916155315
2010-05-23,1089.4,1084.8,1103.5,1040.8,"0,16%",-0.039348829111169215
2010-05-30,1064.9,1087.3,1105.7,1060.5,"-2,25%",0.0019936565473492873
2010-06-06,1091.6,1065.8,1092.2,1042.2,"2,51%",-0.012209460070543576
2010-06-13,1117.5,1095.0,1121.0,1089.0,"2,37%",0.02636879692364036
2010-06-20,1076.8,1122.8,1131.2,1067.9,"-3,64%",0.009099018733274011
2010-06-27,1022.6,1077.5,1082.6,1010.9,"-5,03%",-0.04296322489391813
2010-07-04,1078.0,1028.1,1078.2,1018.4,"5,42%",-0.004064289673009314
2010-07-11,1064.9,1077.2,1099.5,1063.3,"-1,22%",0.01975514746800222
2010-07-18,1102.7,1066.8,1103.7,1056.9,"3,55%",0.003819918144611245
2010-07-25,1101.6,1102.9,1121.0,1088.0,"-0,10%",0.015674549243453795
2010-08-01,1121.6,1107.5,1128.8,1107.2,"1,82%",0.006958073148974009
2010-08-08,1079.2,1122.8,1129.2,1076.7,"-3,78%",0.0003543586109142627
2010-08-15,1071.7,1077.5,1100.1,1063.9,"-0,69%",-0.025770456960680255
2010-08-22,1064.6,1073.4,1081.6,1039.7,"-0,66%",-0.01681665303154256
2010-08-29,1104.5,1062.9,1105.1,1040.9,"3,75%",0.021727071005917198
2010-09-05,1109.5,1102.6,1110.9,1091.2,"0,45%",0.005248393810515006
2010-09-12,1125.6,1113.4,1131.5,1113.4,"1,45%",0.018543523269421103
2010-09-19,1148.7,1126.6,1148.9,1122.8,"2,05%",0.015377817057004028
2010-09-26,1146.2,1148.6,1157.2,1132.1,"-0,22%",0.007224301505788011
2010-10-03,1165.2,1145.0,1167.7,1131.9,"1,66%",0.009073625993778034
2010-10-10,1176.2,1165.3,1184.4,1155.7,"0,94%",0.014301618566412655
2010-10-17,1183.1,1176.8,1189.4,1159.7,"0,59%",0.004221546774738183
2010-10-24,1183.3,1184.7,1196.1,1171.7,"0,02%",0.005633092315453059
2010-10-31,1225.8,1185.7,1227.1,1177.7,"3,59%",0.02591756542095136
2010-11-07,1199.2,1223.2,1226.8,1194.1,"-2,17%",-0.00024447885257916635
2010-11-14,1199.7,1200.4,1207.4,1173.0,"0,04%",-0.015813498532768033
2010-11-21,1189.4,1198.1,1198.9,1176.9,"-0,86%",-0.00703992049030977
2010-11-28,1224.7,1189.1,1225.6,1173.6,"2,97%",0.02227041454666767
2010-12-05,1240.4,1223.9,1240.4,1219.5,"1,28%",0.01207571801566587
2010-12-12,1243.9,1242.5,1246.7,1232.8,"0,28%",0.005079006772009009
2010-12-19,1256.8,1245.8,1259.4,1241.5,"1,04%",0.010186893398572261
2010-12-26,1257.6,1254.7,1262.6,1251.5,"0,06%",0.002540892488486435
2011-01-02,1271.5,1257.6,1278.2,1257.6,"1,11%",0.012355456993505598
2011-01-09,1293.2,1270.8,1293.2,1262.2,"1,71%",0.011735252699108134
2011-01-16,1283.3,1293.2,1296.1,1271.3,"-0,77%",0.0022424992267242594
2011-01-23,1276.3,1283.3,1302.7,1275.1,"-0,55%",0.005092199675950981
2011-01-30,1310.9,1276.5,1311.0,1276.5,"2,71%",0.006371382513241652
2011-02-06,1329.2,1311.8,1330.8,1311.7,"1,40%",0.015102974828375304
2011-02-13,1343.0,1328.7,1344.1,1324.6,"1,04%",0.009993988578298696
2011-02-20,1319.9,1338.9,1338.9,1294.3,"-1,72%",-0.0038687597648983107
2011-02-27,1321.2,1321.6,1332.3,1302.6,"0,10%",-0.004929419672865865
2011-03-06,1304.3,1322.7,1327.7,1292.0,"-1,28%",-0.003452675823763296
2011-03-13,1279.2,1301.2,1301.2,1249.0,"-1,92%",-0.01995932816148227
2011-03-20,1313.8,1281.7,1319.2,1281.7,"2,70%",0.013833384568090912
2011-03-27,1332.4,1315.5,1337.8,1305.3,"1,42%",0.01409945421467551
2011-04-03,1328.2,1333.6,1339.5,1322.9,"-0,32%",0.0012707430109135665
2011-04-10,1319.7,1329.0,1333.8,1302.4,"-0,64%",-0.004255319148936176
2011-04-17,1337.4,1313.3,1337.5,1294.7,"1,34%",0.002774029089818608
2011-04-24,1363.6,1337.1,1364.6,1331.5,"1,96%",0.02026168224299063
2011-05-01,1340.2,1365.2,1370.6,1329.2,"-1,72%",0.004396892862377211
2011-05-08,1337.8,1340.2,1359.4,1332.0,"-0,18%",-0.008171603677221473
2011-05-15,1333.3,1334.8,1346.8,1318.5,"-0,34%",-0.009268795056642687
2011-05-22,1331.1,1333.1,1334.6,1311.8,"-0,17%",-0.009058509058509134
2011-05-29,1300.2,1331.1,1345.2,1297.9,"-2,32%",0.007942454668065535
2011-06-05,1271.0,1300.3,1300.3,1268.3,"-2,25%",-0.03337793636633968
2011-06-12,1271.5,1271.3,1292.5,1258.1,"0,04%",-0.005998615704068233
2011-06-19,1268.5,1271.5,1298.6,1262.9,"-0,24%",0.0047195357833655915
2011-06-26,1339.7,1268.4,1341.0,1267.5,"5,61%",0.03265054674264589
2011-07-03,1343.8,1339.6,1356.5,1330.9,"0,31%",0.011558538404176089
2011-07-10,1316.1,1343.3,1343.3,1306.5,"-2,06%",-0.009730925175083005
2011-07-17,1345.0,1315.9,1347.0,1295.9,"2,20%",0.0027544107794237327
2011-07-24,1292.3,1344.3,1344.3,1282.9,"-3,92%",-0.002004454342984463
2011-07-31,1199.4,1292.6,1307.4,1168.1,"-7,19%",-0.02744923008257072
2011-08-07,1178.8,1198.5,1198.5,1101.5,"-1,72%",-0.08329508949059206
2011-08-14,1123.5,1178.9,1208.5,1122.0,"-4,69%",0.008343763037129692
2011-08-21,1176.8,1123.5,1190.7,1121.1,"4,74%",-0.014729002896152199
2011-08-28,1174.0,1177.9,1230.7,1170.6,"-0,24%",0.03359368438733523
2011-09-04,1154.2,1174.0,1204.4,1140.1,"-1,69%",-0.0213699520598033
2011-09-11,1216.0,1153.5,1220.1,1136.1,"5,35%",0.013035536366655442
2011-09-18,1136.4,1215.0,1220.4,1114.2,"-6,55%",0.00024588148512427743
2011-09-25,1131.4,1136.9,1195.9,1131.1,"-0,44%",-0.020075385119632916
2011-10-02,1155.5,1131.2,1171.4,1074.8,"2,13%",-0.020486662764445218
2011-10-09,1224.6,1158.2,1224.6,1158.2,"5,98%",0.04541574184736197
2011-10-16,1238.2,1224.5,1239.0,1191.5,"1,11%",0.011758941695247493
2011-10-23,1285.1,1238.7,1292.7,1221.1,"3,79%",0.04334140435835354
2011-10-30,1253.2,1285.0,1285.0,1215.4,"-2,48%",-0.0059565251024986665
2011-11-06,1263.8,1253.2,1277.5,1226.6,"0,85%",-0.005836575875486361
2011-11-13,1215.7,1263.8,1264.2,1209.4,"-3,81%",-0.01041095890410959
2011-11-20,1158.7,1215.6,1215.6,1158.7,"-4,69%",-0.03844328429046051
2011-11-27,1244.3,1158.7,1260.1,1158.7,"7,39%",0.036607436656795
2011-12-04,1255.2,1244.3,1267.1,1231.5,"0,88%",0.005555114673438721
2011-12-11,1219.7,1255.0,1255.0,1209.5,"-2,83%",-0.00954936469102663
2011-12-18,1265.3,1219.7,1265.4,1202.4,"3,74%",0.008286852589641569
2011-12-25,1257.6,1265.0,1269.4,1248.6,"-0,61%",0.003161055792634704
2012-01-01,1277.8,1258.9,1284.6,1258.9,"1,61%",0.011974161020954721
2012-01-08,1289.1,1277.8,1296.8,1274.5,"0,88%",0.00949711972598477
2012-01-15,1315.4,1290.2,1315.5,1290.2,"2,04%",0.014420111042566353
2012-01-22,1316.3,1315.3,1333.5,1306.1,"0,07%",0.0136830102622576
2012-01-29,1344.9,1316.2,1345.3,1300.5,"2,17%",0.008848893888264042
2012-02-05,1342.6,1344.3,1354.3,1335.9,"-0,17%",0.006689957630268362
2012-02-12,1361.2,1343.1,1363.4,1340.8,"1,39%",0.006719338403603503
2012-02-19,1365.7,1361.2,1368.9,1352.3,"0,33%",0.0040340325656447185
2012-02-26,1369.6,1365.2,1378.0,1354.9,"0,29%",0.006647673314339908
2012-03-04,1370.9,1369.6,1374.8,1340.0,"0,09%",-0.002322206095791035
2012-03-11,1404.2,1370.8,1405.9,1366.7,"2,43%",0.022621472214140237
2012-03-18,1397.1,1404.2,1414.0,1386.9,"-0,51%",0.005761433956895878
2012-03-25,1408.5,1397.1,1419.2,1391.6,"0,82%",0.003677510608203649
2012-04-01,1398.1,1408.5,1422.4,1392.9,"-0,74%",0.0022547914317925244
2012-04-08,1370.3,1397.5,1397.5,1357.4,"-1,99%",-0.017505624296962896
2012-04-15,1378.5,1370.3,1392.8,1365.4,"0,60%",-0.0033631484794275357
2012-04-22,1403.4,1378.5,1406.6,1358.8,"1,81%",0.009908098793796727
2012-04-29,1369.1,1403.3,1415.3,1368.0,"-2,44%",0.006185127257215983
2012-05-06,1353.4,1368.8,1373.9,1343.1,"-1,15%",-0.029251748745848793
2012-05-13,1295.2,1351.9,1351.9,1292.0,"-4,30%",-0.01601281024819856
2012-05-20,1317.8,1295.7,1328.5,1295.7,"1,74%",-0.01730897255714192
2012-05-27,1278.0,1318.9,1334.9,1277.2,"-3,02%",0.004817463304478853
2012-06-03,1325.7,1278.3,1329.0,1266.7,"3,73%",-0.004419806727095743
2012-06-10,1342.8,1325.7,1343.3,1306.6,"1,29%",0.010759969902182087
2012-06-17,1335.0,1342.4,1363.5,1324.4,"-0,58%",0.015037593984962516
2012-06-24,1362.2,1334.9,1362.2,1309.3,"2,04%",-0.0009534286762009625
2012-07-01,1354.7,1362.3,1374.8,1348.0,"-0,55%",0.00924974306269255
2012-07-08,1356.8,1354.7,1361.5,1325.4,"0,16%",-0.009674134419551894
2012-07-15,1362.7,1356.5,1380.4,1345.1,"0,43%",0.013881748071979505
2012-07-22,1386.0,1362.3,1389.2,1329.2,"1,71%",0.006374963778614795
2012-07-29,1391.0,1385.9,1394.2,1354.7,"0,36%",0.0035991937805932572
2012-08-05,1405.9,1391.0,1407.1,1391.0,"1,07%",0.009252617988810607
2012-08-12,1418.2,1405.9,1418.7,1397.3,"0,87%",0.008243905905763738
2012-08-19,1411.1,1417.8,1426.7,1398.0,"-0,50%",0.005638965249876726
2012-08-26,1406.6,1411.1,1416.2,1397.0,"-0,32%",-0.00735964112988019
2012-09-02,1437.9,1406.5,1437.9,1396.6,"2,23%",0.015322694534670278
2012-09-09,1465.8,1437.9,1474.5,1429.0,"1,94%",0.025453786772376308
2012-09-16,1460.2,1465.4,1467.1,1450.0,"-0,38%",-0.005018650389962742
2012-09-23,1440.7,1459.8,1463.2,1430.5,"-1,34%",-0.0026583055006474954
2012-09-30,1460.9,1440.9,1471.0,1439.0,"1,40%",0.005330781848004396
2012-10-07,1428.6,1460.9,1460.9,1425.5,"-2,21%",-0.006866077498300371
2012-10-14,1433.2,1428.8,1464.0,1427.2,"0,32%",0.00212197960161542
2012-10-21,1411.9,1433.2,1435.5,1403.3,"-1,49%",-0.01946721311475408
2012-10-28,1414.2,1411.0,1434.3,1406.0,"0,16%",-0.0008359456635319562
2012-11-04,1379.8,1414.0,1433.4,1373.0,"-2,43%",-0.0006274837900019925
2012-11-11,1359.9,1379.9,1388.8,1343.3,"-1,44%",-0.031114831868285342
2012-11-18,1409.2,1359.9,1409.2,1359.9,"3,63%",0.014688940092165925
2012-11-25,1416.2,1409.2,1419.7,1385.4,"0,50%",0.007451036048822024
2012-12-02,1418.1,1416.3,1423.7,1398.2,"0,13%",0.0028174966542227065
2012-12-09,1413.6,1418.1,1438.6,1411.9,"-0,32%",0.010465687996066508
2012-12-16,1430.2,1413.5,1448.0,1413.5,"1,17%",0.006534130404560079
2012-12-23,1402.4,1430.2,1430.2,1401.6,"-1,94%",-0.012292817679558032
2012-12-30,1466.5,1402.4,1467.9,1398.1,"4,57%",0.026359949657390525
2013-01-06,1472.0,1466.5,1472.8,1451.6,"0,38%",0.0033381020505482972
2013-01-13,1486.0,1472.0,1486.0,1463.8,"0,95%",0.008962520369364402
2013-01-20,1503.0,1486.0,1503.3,1481.2,"1,14%",0.01164199192462978
2013-01-27,1513.2,1503.0,1514.4,1496.3,"0,68%",0.007383755737377928
2013-02-03,1517.9,1513.2,1518.3,1495.0,"0,31%",0.0025752773375593563
2013-02-10,1519.8,1517.9,1524.7,1513.6,"0,13%",0.004215240729763536
2013-02-17,1515.6,1519.8,1530.9,1497.3,"-0,28%",0.004066373712861671
2013-02-24,1518.2,1515.6,1525.8,1485.0,"0,17%",-0.003331373701744189
2013-03-03,1551.2,1518.2,1552.5,1512.3,"2,17%",0.017499016909162446
2013-03-10,1560.7,1551.2,1563.6,1547.4,"0,61%",0.007149758454106259
2013-03-17,1556.9,1560.7,1561.6,1538.6,"-0,24%",-0.0012790995139422279
2013-03-24,1569.2,1556.9,1570.3,1546.2,"0,79%",0.005571209016393519
2013-03-31,1553.3,1569.2,1573.7,1539.5,"-1,01%",0.002165191364707386
2013-04-07,1588.8,1553.3,1597.3,1548.6,"2,29%",0.014996505051788622
2013-04-14,1555.2,1588.8,1588.8,1536.0,"-2,11%",-0.0053214799974957705
2013-04-21,1582.2,1555.2,1592.6,1548.2,"1,74%",0.002391742195367641
2013-04-28,1614.4,1582.3,1618.5,1581.3,"2,04%",0.016262715057139276
2013-05-05,1633.7,1614.4,1635.0,1614.2,"1,20%",0.010194624652456019
2013-05-12,1667.5,1632.1,1667.5,1626.7,"2,07%",0.01987767584097866
2013-05-19,1649.6,1665.7,1687.2,1635.5,"-1,07%",0.011814092953523314
2013-05-26,1630.7,1652.6,1674.2,1630.7,"-1,15%",-0.007705073494547188
2013-06-02,1643.4,1631.7,1646.5,1598.2,"0,78%",-0.016545215625373366
2013-06-09,1626.7,1644.7,1648.7,1608.1,"-1,02%",0.0013361676283025758
2013-06-16,1592.4,1630.6,1654.2,1577.7,"-2,11%",0.0033359616667678615
2013-06-23,1606.3,1588.8,1620.1,1560.3,"0,87%",-0.020614194172409728
2013-06-30,1631.9,1609.8,1632.1,1604.6,"1,59%",0.007406950188259875
2013-07-07,1680.2,1634.2,1680.2,1634.2,"2,96%",0.02947123338030777
2013-07-14,1692.1,1679.6,1693.1,1671.8,"0,71%",0.007677657421735429
2013-07-21,1691.7,1694.4,1698.8,1676.0,"-0,02%",0.003366605634634645
2013-07-28,1709.7,1690.3,1709.7,1681.9,"1,06%",0.006416293854485611
2013-08-04,1691.4,1708.0,1709.2,1684.9,"-1,07%",-0.0002924489676551234
2013-08-11,1655.8,1688.4,1696.8,1652.6,"-2,10%",-0.00725485607301668
2013-08-18,1663.5,1655.2,1664.8,1639.4,"0,47%",-0.01885902876001888
2013-08-25,1633.0,1664.3,1669.5,1627.5,"-1,83%",0.0028231619413743303
2013-09-01,1655.2,1636.0,1664.8,1633.4,"1,36%",-0.0028152141359688576
2013-09-08,1688.0,1656.8,1690.0,1656.8,"1,98%",0.015136953387794305
2013-09-15,1709.9,1691.7,1729.9,1691.7,"1,30%",0.023609467455621314
2013-09-22,1691.8,1711.4,1711.4,1687.1,"-1,06%",-0.010694259783802562
2013-09-29,1690.5,1687.3,1696.5,1670.4,"-0,08%",-0.008706322309220527
2013-10-06,1703.2,1687.2,1703.4,1646.5,"0,75%",0.004067197170645409
2013-10-13,1744.5,1699.9,1745.3,1692.1,"2,42%",0.024597863097334693
2013-10-20,1759.8,1745.2,1759.8,1740.5,"0,88%",0.008308027273248086
2013-10-27,1761.6,1759.4,1775.2,1752.7,"0,10%",0.008750994431185433
2013-11-03,1770.6,1763.4,1774.5,1746.2,"0,51%",-0.00039432176656151174
2013-11-10,1798.2,1770.0,1798.2,1760.6,"1,56%",0.013355874894336539
2013-11-17,1804.8,1798.8,1804.8,1777.2,"0,37%",0.0036703370036703653
2013-11-24,1805.8,1806.3,1813.5,1800.6,"0,06%",0.004820478723404298
2013-12-01,1805.1,1806.5,1810.0,1779.1,"-0,04%",-0.001929969671905174
2013-12-08,1775.3,1806.2,1811.5,1772.3,"-1,65%",0.0008287292817679148
2013-12-15,1818.3,1777.5,1823.8,1768.0,"2,42%",0.006789953077559918
2013-12-22,1841.4,1822.9,1844.9,1822.9,"1,27%",0.011569251014365678
2013-12-29,1831.4,1841.5,1849.4,1827.7,"-0,54%",0.0024391565938532977
2014-01-05,1842.4,1832.3,1843.2,1823.7,"0,60%",-0.0033524386287444585
2014-01-12,1838.7,1841.3,1850.8,1815.5,"-0,20%",0.0041232638888888395
2014-01-19,1790.3,1841.0,1849.3,1790.3,"-2,63%",-0.0008104603414739175
2014-01-26,1782.6,1791.0,1798.8,1770.5,"-0,43%",-0.02730762991402147
2014-02-02,1797.0,1782.7,1798.0,1737.9,"0,81%",-0.00044474093840340956
2014-02-09,1838.6,1796.2,1841.7,1791.8,"2,31%",0.024304783092324866
2014-02-16,1836.2,1839.0,1847.5,1824.6,"-0,13%",0.003149264266710139
2014-02-23,1859.5,1836.8,1867.9,1836.8,"1,27%",0.011041948579161076
2014-03-02,1878.0,1857.7,1883.6,1834.4,"0,99%",0.008405160875849749
2014-03-09,1841.1,1877.9,1882.3,1839.6,"-1,96%",-0.0006901677638564419
2014-03-16,1866.5,1842.8,1884.0,1842.8,"1,38%",0.0009031504011050018
2014-03-23,1857.6,1867.7,1875.9,1842.1,"-0,48%",-0.004299363057324812
2014-03-30,1865.1,1859.2,1897.3,1859.2,"0,40%",0.011407857561703594
2014-04-06,1815.7,1863.9,1872.5,1814.4,"-2,65%",-0.013071206451272799
2014-04-13,1864.8,1818.2,1869.6,1815.8,"2,70%",-0.0015487316421896047
2014-04-20,1863.4,1865.8,1884.9,1859.7,"-0,08%",0.008183568677792241
2014-04-27,1881.1,1865.0,1891.3,1850.6,"0,95%",0.00339540559180862
2014-05-04,1878.5,1879.5,1889.1,1859.8,"-0,14%",-0.0011632210648759855
2014-05-11,1877.9,1880.0,1902.2,1862.4,"-0,03%",0.006934519083161339
2014-05-18,1900.5,1876.7,1901.3,1868.1,"1,20%",-0.00047313636841561646
2014-05-25,1923.6,1902.0,1924.0,1902.0,"1,22%",0.011939199495082375
2014-06-01,1949.4,1923.9,1949.4,1916.0,"1,34%",0.01320166320166316
2014-06-08,1936.2,1949.0,1955.5,1925.8,"-0,68%",0.0031291679491125546
2014-06-15,1962.9,1934.8,1963.9,1930.9,"1,38%",0.004295576578880134
2014-06-22,1961.0,1962.9,1968.2,1944.7,"-0,10%",0.002189520851367144
2014-06-29,1985.4,1960.8,1985.6,1958.2,"1,24%",0.008840564983233268
2014-07-06,1967.6,1984.2,1984.2,1952.9,"-0,90%",-0.0007050765511683599
2014-07-13,1978.2,1969.9,1983.9,1955.6,"0,54%",-0.0001511944360447215
2014-07-20,1978.3,1976.9,1991.4,1965.8,"0,01%",0.0037804324814758594
2014-07-27,1925.2,1978.2,1984.8,1916.4,"-2,68%",-0.0033142512805062196
2014-08-03,1931.6,1926.6,1942.9,1904.8,"0,33%",-0.02111043933897616
2014-08-10,1955.1,1933.4,1964.0,1928.3,"1,22%",0.010860054557620069
2014-08-17,1988.4,1958.4,1994.8,1958.4,"1,70%",0.015682281059063108
2014-08-24,2003.4,1991.7,2005.0,1990.5,"0,75%",0.005113294565871396
2014-08-31,2007.7,2004.1,2011.2,1990.1,"0,21%",0.0030922693266832724
2014-09-07,1985.5,2007.2,2007.2,1980.3,"-1,11%",-0.0019888623707239317
2014-09-14,2010.4,1986.0,2019.3,1978.5,"1,25%",0.006028298126743659
2014-09-21,1982.8,2009.1,2009.1,1966.0,"-1,37%",-0.0050512553855296405
2014-09-28,1967.9,1979.0,1985.2,1926.0,"-0,75%",-0.01189587377432677
2014-10-05,1906.1,1970.0,1977.8,1906.0,"-3,14%",-0.003727584122506622
2014-10-12,1886.8,1905.7,1912.1,1820.7,"-1,01%",-0.03321872787946201
2014-10-19,1964.6,1885.6,1965.3,1882.3,"4,12%",0.027822812614403114
2014-10-26,2018.0,1963.0,2018.2,1951.4,"2,72%",0.026917010125680596
2014-11-02,2031.9,2018.2,2034.3,2001.0,"0,69%",0.007977405608958543
2014-11-09,2039.8,2032.0,2046.2,2030.2,"0,39%",0.005849678021924154
2014-11-16,2063.5,2038.3,2071.5,2034.5,"1,16%",0.012364382758283554
2014-11-23,2067.6,2065.1,2075.8,2064.8,"0,20%",0.002075790489983298
2014-11-30,2075.4,2065.8,2079.5,2049.6,"0,38%",0.00178244532228522
2014-12-07,2002.3,2074.8,2075.8,2002.3,"-3,52%",-0.0017792738639095251
2014-12-14,2070.7,2005.0,2077.8,1972.6,"3,42%",0.0009634839579921728
2014-12-21,2088.8,2069.3,2092.7,2069.3,"0,87%",0.007171046298969808
2014-12-28,2058.2,2087.6,2093.6,2046.0,"-1,46%",0.0004300664213696681
2015-01-04,2044.8,2054.4,2064.4,1992.4,"-0,65%",-0.013947267863966273
2015-01-11,2019.4,2046.1,2056.9,1988.1,"-1,24%",-0.0036330168571981902
2015-01-18,2051.8,2020.8,2064.6,2004.5,"1,60%",0.00374349749623204
2015-01-25,1995.0,2050.4,2057.6,1989.2,"-2,77%",-0.0033904872614549664
2015-02-01,2055.5,1996.7,2072.4,1980.9,"3,03%",0.007192846034214773
2015-02-08,2097.0,2053.5,2097.0,2041.9,"2,02%",0.011870295309785783
2015-02-15,2110.3,2096.5,2110.6,2085.4,"0,63%",0.006485455412494012
2015-02-22,2104.5,2109.8,2119.6,2103.0,"-0,27%",0.004264190277646129
2015-03-01,2071.3,2105.2,2117.5,2067.3,"-1,58%",-0.0009907529722589237
2015-03-08,2053.4,2072.2,2083.5,2039.7,"-0,86%",-0.016056670602125123
2015-03-15,2108.1,2055.3,2113.9,2055.3,"2,66%",0.014590832733381465
2015-03-22,2061.0,2108.0,2114.9,2045.5,"-2,23%",0.00047305927432717
2015-03-29,2067.0,2064.1,2089.0,2048.4,"0,29%",-0.012246441912147188
2015-04-05,2102.1,2064.9,2102.6,2056.5,"1,70%",0.006510292005744267
2015-04-12,2081.2,2102.0,2111.9,2072.4,"-0,99%",0.004423095215447592
2015-04-19,2117.7,2084.1,2120.9,2084.1,"1,75%",0.004261565415029089
2015-04-26,2108.3,2119.3,2125.9,2077.6,"-0,44%",0.002357489744919672
2015-05-03,2116.1,2110.2,2120.9,2067.9,"0,37%",-0.0023519450585633983
2015-05-10,2122.7,2115.6,2123.9,2085.6,"0,31%",0.0014144938469518031
2015-05-17,2126.1,2121.3,2134.7,2120.0,"0,16%",0.005084985168793077
2015-05-24,2107.4,2125.3,2126.2,2099.2,"-0,88%",-0.003981824143907797
2015-05-31,2092.8,2108.6,2121.9,2085.7,"-0,69%",-0.0020223873577273066
2015-06-07,2094.1,2092.3,2115.0,2072.1,"0,06%",-0.003251802629718692
2015-06-14,2110.0,2091.3,2126.7,2072.5,"0,76%",0.00553191489361704
2015-06-21,2101.5,2112.5,2129.9,2095.4,"-0,40%",0.0015046786100532117
2015-06-28,2076.8,2098.6,2098.6,2056.3,"-1,18%",-0.01469552561153109
2015-07-05,2076.6,2073.9,2083.7,2044.0,"-0,01%",-0.00709997140951113
2015-07-12,2126.6,2080.0,2128.9,2080.0,"2,41%",0.02169218217593727
2015-07-19,2079.7,2126.8,2132.8,2077.1,"-2,21%",0.0018319319836535009
2015-07-26,2103.8,2078.2,2114.2,2063.5,"1,16%",-0.008720930232558266
2015-08-02,2077.6,2104.5,2112.7,2067.9,"-1,25%",-0.0007094882224955024
2015-08-09,2091.5,2081.0,2105.3,2052.1,"0,67%",-0.003502626970227518
2015-08-16,1970.9,2089.7,2103.5,1970.9,"-5,77%",-0.000854985037761935
2015-08-23,1988.9,1965.2,1993.5,1867.0,"0,91%",-0.052293796054195374
2015-08-30,1921.2,1986.7,1986.7,1903.1,"-3,40%",-0.0034110860295961665
2015-09-06,1961.0,1927.3,1988.6,1927.3,"2,07%",0.0009563597926207645
2015-09-13,1958.0,1963.1,2020.9,1948.3,"-0,15%",0.01624258272151269
2015-09-20,1931.3,1960.8,1979.6,1908.9,"-1,36%",-0.020436439210252955
2015-09-27,1951.4,1929.2,1951.4,1871.9,"1,04%",-0.014245302081228428
2015-10-04,2014.9,1954.3,2020.1,1954.3,"3,25%",0.03520549349185198
2015-10-11,2033.1,2015.7,2033.5,1990.7,"0,90%",0.006633334983416672
2015-10-18,2075.2,2031.7,2079.7,2017.2,"2,07%",0.0227194492254732
2015-10-25,2079.4,2075.1,2094.3,2058.8,"0,20%",0.007020243304322937
2015-11-01,2099.2,2080.8,2116.5,2080.8,"0,95%",0.010600200544334637
2015-11-08,2023.0,2096.6,2096.6,2022.0,"-3,63%",-0.009402315142924667
2015-11-15,2089.2,2022.1,2097.1,2019.4,"3,27%",0.00023848135075832388
2015-11-22,2090.1,2089.4,2095.6,2070.3,"0,04%",-0.0007152734728911314
2015-11-29,2091.7,2090.9,2104.3,2042.3,"0,08%",0.004151555640389493
2015-12-06,2012.4,2090.4,2090.4,2008.8,"-3,79%",-0.0066055220263271375
2015-12-13,2005.5,2013.4,2076.7,1993.3,"-0,34%",-0.006553769613471205
2015-12-20,2061.0,2010.3,2067.4,2005.9,"2,77%",-0.004478258775942434
2015-12-27,2043.9,2057.8,2081.6,2043.6,"-0,83%",0.006868530521427774
2016-01-03,1922.0,2038.2,2038.2,1918.5,"-5,96%",-0.020849346656418022
2016-01-10,1880.3,1926.1,1950.3,1857.8,"-2,17%",-0.04312628790108919
2016-01-17,1906.9,1888.7,1908.8,1812.3,"1,41%",-0.021278777623955247
2016-01-24,1940.2,1906.3,1940.2,1872.7,"1,75%",0.016450125733445065
2016-01-31,1880.0,1936.9,1947.2,1872.2,"-3,10%",0.003607875476755007
2016-02-07,1864.8,1873.2,1881.6,1810.1,"-0,81%",-0.033689400164338634
2016-02-14,1917.8,1871.4,1930.7,1871.4,"2,84%",0.02609481292517013
2016-02-21,1948.0,1924.4,1963.0,1891.0,"1,57%",0.016729683534469242
2016-02-28,2000.0,1947.1,2009.1,1931.8,"2,67%",0.023484462557310293
2016-03-06,2022.2,1996.1,2022.4,1969.2,"1,11%",0.00661987954805654
2016-03-13,2049.6,2019.3,2052.4,2005.2,"1,35%",0.014833860759493778
2016-03-20,2035.9,2047.9,2056.6,2022.5,"-0,67%",0.0020463847203273655
2016-03-27,2072.8,2037.9,2075.1,2028.3,"1,81%",0.008995429349411665
2016-04-03,2047.6,2073.2,2074.0,2033.8,"-1,22%",-0.0005300949351838558
2016-04-10,2080.7,2050.2,2087.8,2039.7,"1,62%",0.0066538090646095505
2016-04-17,2091.6,2078.8,2111.1,2073.7,"0,52%",0.011160072803908294
2016-04-24,2065.3,2089.4,2099.9,2052.3,"-1,26%",-0.00530529108047928
2016-05-01,2057.1,2067.2,2083.4,2039.5,"-0,40%",-0.00785751702462023
2016-05-08,2046.6,2057.6,2084.9,2043.1,"-0,51%",0.0007199769607373341
2016-05-15,2052.3,2046.5,2071.9,2025.9,"0,28%",-0.006235311046093317
2016-05-22,2099.1,2052.2,2099.1,2047.3,"2,28%",0.013128046720401576
2016-05-29,2099.1,2100.1,2105.3,2085.1,"0,00%",0.002953646801010068
2016-06-05,2096.1,2100.8,2120.6,2090.0,"-0,14%",0.0072673728209755595
2016-06-12,2071.2,2091.8,2098.1,2050.4,"-1,19%",-0.010610204659058708
2016-06-19,2037.4,2075.6,2113.3,2032.6,"-1,63%",0.007244649921357649
2016-06-26,2102.9,2031.5,2108.7,1991.7,"3,21%",-0.002176690484077204
2016-07-03,2129.9,2095.1,2131.7,2074.0,"1,28%",0.010907194005785659
2016-07-10,2161.7,2131.7,2169.1,2131.7,"1,49%",0.017544682647652188
2016-07-17,2175.0,2162.0,2175.6,2159.0,"0,62%",0.0029966345488912083
2016-07-24,2173.6,2173.7,2177.1,2159.1,"-0,06%",0.0006894649751791881
2016-07-31,2182.9,2173.2,2182.9,2147.6,"0,43%",0.002664094437554665
2016-08-07,2184.1,2183.8,2188.4,2172.0,"0,05%",0.0025195840395804137
2016-08-14,2183.9,2186.1,2193.8,2168.5,"-0,01%",0.00246755620544703
2016-08-21,2169.0,2181.6,2193.4,2160.4,"-0,68%",-0.00018233202662054637
2016-08-28,2180.0,2170.2,2184.9,2157.1,"0,51%",-0.0038752621500866002
2016-09-04,2127.8,2181.6,2187.9,2127.8,"-2,39%",0.0013730605519703953
2016-09-11,2139.2,2120.9,2163.3,2119.1,"0,54%",-0.011243658302481752
2016-09-18,2164.7,2144.0,2180.0,2135.9,"1,19%",0.007719687514445406
2016-09-25,2168.3,2158.5,2175.3,2141.6,"0,17%",-0.0021559633027522507
2016-10-02,2153.7,2164.3,2165.9,2144.0,"-0,67%",-0.004321243046936041
2016-10-09,2133.0,2160.4,2169.6,2114.7,"-0,96%",0.001708296781938179
2016-10-16,2141.2,2132.9,2148.4,2124.4,"0,38%",-0.00977138643067843
2016-10-23,2126.4,2148.5,2154.8,2119.4,"-0,69%",0.002978961087320764
2016-10-30,2085.2,2129.8,2133.2,2083.8,"-1,94%",-0.010024132170039168
2016-11-06,2164.4,2100.6,2182.3,2100.6,"3,80%",0.02301706356647304
2016-11-13,2181.9,2165.6,2189.9,2156.1,"0,81%",0.0034825642670577306
2016-11-20,2213.3,2186.4,2213.3,2186.4,"1,44%",0.010685419425544573
2016-11-27,2191.9,2210.2,2214.1,2187.4,"-0,97%",0.0003614512266749692
2016-12-04,2259.5,2200.7,2259.8,2200.0,"3,08%",0.020640440811164895
2016-12-11,2258.1,2258.8,2277.5,2248.4,"-0,06%",0.007832551553234701
2016-12-18,2263.8,2259.2,2272.6,2256.1,"0,25%",-0.002151481888035156
2016-12-25,2238.8,2266.2,2273.8,2233.6,"-1,10%",0.000528029569655919
2017-01-01,2277.0,2251.6,2282.1,2245.1,"1,71%",0.0036502770692232733
2017-01-08,2274.6,2273.6,2279.3,2254.2,"-0,11%",-0.0012269400990314594
2017-01-15,2271.3,2269.1,2277.0,2258.4,"-0,15%",-0.0010090817356206427
2017-01-22,2294.7,2267.8,2301.0,2257.0,"1,03%",0.010540184453228019
2017-01-29,2297.4,2286.0,2298.3,2267.2,"0,12%",-0.0011734028683180187
2017-02-05,2316.1,2294.3,2319.2,2285.4,"0,81%",0.009093677935865463
2017-02-12,2351.2,2321.7,2351.3,2321.4,"1,52%",0.013840979648154672
2017-02-19,2367.3,2354.9,2368.3,2352.9,"0,68%",0.007230042954960991
2017-02-26,2383.1,2365.2,2401.0,2359.0,"0,67%",0.0138073723768104
2017-03-05,2372.6,2375.2,2378.8,2354.5,"-0,44%",-0.00924614743856722
2017-03-12,2378.2,2371.6,2390.0,2358.2,"0,24%",0.004708256263662225
2017-03-19,2344.0,2378.2,2381.9,2335.7,"-1,44%",-0.0033891213389121155
2017-03-26,2362.7,2329.1,2370.4,2322.2,"0,80%",-0.004828078424786941
2017-04-02,2355.5,2362.3,2378.4,2344.7,"-0,30%",0.003374957813027324
2017-04-09,2328.9,2357.2,2366.4,2328.9,"-1,13%",-0.005045408678102881
2017-04-16,2348.7,2332.6,2361.4,2332.5,"0,85%",-0.002112914131169763
2017-04-23,2384.2,2370.3,2398.2,2369.2,"1,51%",0.015583975607690315
2017-04-30,2399.3,2388.5,2399.3,2379.8,"0,63%",0.00045867734133953064
2017-05-07,2390.9,2399.9,2403.9,2381.7,"-0,35%",0.0019172258575417267
2017-05-14,2381.7,2394.0,2405.8,2352.7,"-0,38%",0.000790382295436709
2017-05-21,2415.8,2387.2,2418.7,2386.9,"1,43%",0.005362041732479783
2017-05-28,2439.1,2411.7,2440.2,2403.6,"0,96%",0.008889072642328522
2017-06-04,2431.8,2437.8,2446.2,2415.7,"-0,30%",0.002458814851241664
2017-06-11,2433.2,2425.9,2443.8,2418.5,"0,06%",-0.0009811135638948532
2017-06-18,2438.3,2442.6,2453.8,2430.7,"0,21%",0.00409198788771592
2017-06-25,2423.4,2443.3,2450.4,2405.7,"-0,61%",-0.001385605998858952
2017-07-02,2425.2,2431.4,2439.2,2407.7,"0,07%",-0.004570682337577625
2017-07-09,2459.3,2424.5,2463.5,2412.8,"1,41%",0.009962282715644477
2017-07-16,2472.5,2459.5,2477.6,2450.3,"0,54%",0.0057235640349095895
2017-07-23,2472.1,2472.0,2484.0,2459.9,"-0,02%",0.0025831449790119088
2017-07-30,2476.8,2475.9,2480.4,2466.5,"0,19%",-0.0014492753623187582
2017-08-06,2441.3,2477.1,2490.9,2437.8,"-1,43%",0.004233188195452264
2017-08-13,2425.6,2455.0,2474.9,2420.7,"-0,64%",-0.006423381107230286
2017-08-20,2443.1,2425.5,2454.8,2417.3,"0,72%",-0.008121540264253047
2017-08-27,2476.6,2447.3,2480.4,2428.2,"1,37%",0.010428548150562156
2017-09-03,2461.4,2470.3,2472.0,2446.6,"-0,61%",-0.0033865505563619447
2017-09-10,2500.2,2474.5,2500.2,2474.5,"1,58%",0.011407766990291224
2017-09-17,2502.2,2502.5,2508.8,2496.5,"0,08%",0.0034397248220143783
2017-09-24,2519.4,2499.4,2519.4,2488.0,"0,69%",0.004225127551020336
2017-10-01,2549.3,2521.2,2552.5,2520.4,"1,19%",0.01313804874176383
2017-10-08,2553.2,2551.4,2557.7,2541.6,"0,15%",0.002037218413320163
2017-10-15,2575.2,2555.6,2575.4,2547.9,"0,86%",0.00692027993900779
2017-10-22,2581.1,2578.1,2583.0,2544.0,"0,23%",0.0029509979032382727
2017-10-29,2587.8,2577.8,2588.4,2566.2,"0,26%",0.002090592334494712
2017-11-05,2582.3,2587.5,2597.0,2566.3,"-0,21%",0.0033225158399010635
2017-11-12,2578.8,2576.5,2590.1,2557.4,"-0,14%",-0.0026569118213323195
2017-11-19,2602.4,2579.5,2604.2,2578.2,"0,92%",0.005443805258484202
2017-11-26,2642.2,2602.7,2657.7,2598.9,"1,53%",0.020543737040165988
2017-12-03,2651.5,2657.2,2665.2,2624.8,"0,35%",0.002821988937803388
2017-12-10,2675.8,2652.2,2679.6,2651.5,"0,92%",0.005402971634398845
2017-12-17,2683.3,2685.9,2695.0,2676.1,"0,28%",0.005747126436781658
2017-12-24,2673.6,2679.1,2692.1,2673.6,"-0,36%",-0.0010760667903525478
2017-12-31,2743.2,2683.7,2743.4,2682.4,"2,60%",0.01905575572972773
2018-01-07,2786.2,2742.7,2787.8,2736.1,"1,57%",0.01618429685791356
2018-01-14,2810.3,2799.0,2810.3,2768.6,"0,86%",0.008070880264007485
2018-01-21,2872.9,2809.2,2872.9,2808.1,"2,23%",0.0222752019357364
2018-01-28,2762.1,2867.2,2870.6,2760.0,"-3,86%",-0.0008005847749661399
2018-02-04,2619.6,2741.1,2763.4,2532.7,"-5,16%",-0.03734410924545384
2018-02-11,2732.2,2636.8,2754.4,2622.4,"4,30%",-0.0032568574943909745
2018-02-18,2747.3,2723.0,2747.8,2697.8,"0,55%",-0.0023961661341852514
2018-02-25,2691.2,2757.4,2789.2,2647.3,"-2,04%",0.01506659873353211
2018-03-04,2786.6,2681.1,2786.6,2675.8,"3,54%",-0.0009321669295855317
2018-03-11,2752.0,2790.5,2801.9,2741.5,"-1,24%",0.005490561975166841
2018-03-18,2588.3,2741.4,2741.4,2585.9,"-5,95%",-0.02159249080980763
2018-03-25,2640.9,2619.3,2674.8,2593.1,"2,03%",-0.024294156270518674
2018-04-01,2604.5,2633.4,2672.1,2553.8,"-1,38%",-0.0010094212651414747
2018-04-08,2656.3,2617.2,2680.3,2610.8,"1,99%",0.00306874742711738
2018-04-15,2670.1,2670.1,2717.5,2660.6,"0,52%",0.013879043390665258
2018-04-22,2669.9,2675.4,2683.6,2612.7,"-0,01%",-0.012474701011959577
2018-04-29,2663.4,2675.1,2682.9,2594.6,"-0,24%",-0.0002608436428677141
2018-05-06,2727.7,2669.4,2732.9,2655.2,"2,41%",0.018636550001863705
2018-05-13,2713.0,2733.4,2742.1,2701.9,"-0,54%",0.0033663873540925593
2018-05-20,2721.3,2725.9,2742.2,2707.4,"0,31%",3.646840013127317e-05
2018-05-27,2734.6,2705.1,2736.9,2676.8,"0,49%",-0.0019327547224854413
2018-06-03,2779.0,2741.7,2779.9,2739.5,"1,62%",0.015711206109101594
2018-06-10,2779.7,2780.2,2791.5,2761.7,"0,03%",0.004172811971653534
2018-06-17,2754.9,2765.8,2775.0,2743.2,"-0,89%",-0.00591080064481464
2018-06-24,2718.4,2742.9,2746.1,2692.0,"-1,32%",-0.010414414414414486
2018-07-01,2759.8,2704.9,2764.4,2698.9,"1,52%",0.006663996212810996
2018-07-08,2801.3,2768.5,2804.5,2768.5,"1,50%",0.014505860222833178
2018-07-15,2801.8,2801.4,2816.8,2789.2,"0,02%",0.0043858085220183085
2018-07-22,2818.8,2799.2,2848.0,2795.1,"0,61%",0.011076398750355043
2018-07-29,2840.3,2819.0,2840.4,2796.3,"0,76%",-0.002668539325842656
2018-08-05,2833.3,2840.3,2863.4,2825.8,"-0,25%",0.008097451063230565
2018-08-12,2850.1,2835.5,2855.6,2802.5,"0,59%",-0.0027240343647413345
2018-08-19,2874.7,2853.9,2876.2,2850.6,"0,86%",0.007213895503571877
2018-08-26,2901.5,2884.7,2916.5,2884.7,"0,93%",0.014011543008135785
2018-09-02,2871.7,2897.0,2900.2,2864.1,"-1,03%",-0.005588890793759682
2018-09-09,2905.0,2881.4,2908.3,2866.8,"1,16%",0.0027929108337356734
2018-09-16,2929.7,2903.8,2940.9,2886.2,"0,85%",0.011209297527765338
2018-09-23,2914.0,2921.8,2931.2,2903.3,"-0,54%",-0.0032983100411440036
2018-09-30,2885.6,2926.3,2939.9,2869.3,"-0,97%",0.0029680676855896593
2018-10-07,2767.1,2877.5,2894.8,2710.5,"-4,11%",-0.015340657845504868
2018-10-14,2767.8,2763.8,2816.9,2749.0,"0,03%",-0.026910321956611916
2018-10-21,2658.7,2773.9,2778.9,2628.2,"-3,94%",-0.013490006745003336
2018-10-28,2723.1,2682.7,2756.6,2603.5,"2,42%",-0.008024757997768917
2018-11-04,2781.0,2726.4,2815.2,2717.9,"2,13%",0.021258071537401113
2018-11-11,2736.3,2773.9,2776.0,2670.8,"-1,61%",-0.013924410343847615
2018-11-18,2632.6,2730.7,2733.2,2631.1,"-3,79%",-0.015417867435158605
2018-11-25,2760.2,2650.0,2760.9,2650.0,"4,85%",0.010134640714181353
2018-12-02,2633.1,2790.5,2800.2,2621.5,"-4,60%",0.014234488753667174
2018-12-09,2599.9,2630.9,2685.4,2583.2,"-1,26%",-0.040997071637740023
2018-12-16,2416.6,2590.8,2601.1,2408.6,"-7,05%",-0.03139197140090866
2018-12-23,2485.7,2400.6,2520.3,2346.6,"2,86%",-0.031063780708161848
2018-12-30,2531.94,2498.94,2538.07,2443.96,"1,86%",0.007050747926834022
2019-01-06,2596.26,2535.61,2597.82,2524.56,"2,54%",0.023541509887434087
2019-01-13,2670.71,2580.31,2675.47,2570.41,"2,87%",0.029890446605230325
2019-01-20,2664.76,2657.88,2672.38,2612.86,"-0,22%",-0.0011549372633592458
2019-01-27,2706.53,2644.97,2716.66,2624.06,"1,57%",0.016569499846578628
2019-02-03,2707.88,2706.49,2738.98,2681.83,"0,05%",0.008215971082137674
2019-02-10,2775.6,2712.4,2775.66,2703.79,"2,50%",0.01339184659982906
2019-02-17,2792.67,2769.28,2794.2,2764.55,"0,61%",0.0066794924450401805
2019-02-24,2803.69,2804.35,2813.49,2775.13,"0,39%",0.006903585999570527
2019-03-03,2743.07,2814.37,2816.88,2722.27,"-2,16%",0.0012049092052932586
2019-03-10,2822.48,2747.61,2830.73,2747.61,"2,89%",0.004916787367583941
2019-03-17,2800.71,2822.61,2860.31,2800.47,"-0,77%",0.010449601339583836
2019-03-24,2834.4,2796.01,2836.03,2785.02,"1,20%",-0.008488590397544238
2019-03-31,2892.74,2848.63,2893.24,2848.63,"2,06%",0.02017256517032595
2019-04-07,2907.41,2888.46,2910.54,2873.33,"0,51%",0.005979455558474234
2019-04-14,2905.03,2908.32,2918.0,2891.9,"-0,08%",0.0025630982566808846
2019-04-21,2939.88,2898.78,2939.88,2896.35,"1,20%",0.007498286497601203
2019-04-28,2945.64,2940.58,2954.13,2900.5,"0,20%",0.004847136617821102
2019-05-05,2881.4,2908.89,2937.32,2825.39,"-2,18%",-0.005690338610690793
2019-05-12,2859.53,2840.19,2892.15,2801.43,"-0,76%",-0.015377963585853749
2019-05-19,2826.06,2841.94,2868.88,2805.49,"-1,17%",-0.00804591739709215
2019-05-26,2752.06,2830.03,2840.51,2750.52,"-2,62%",-0.00988887649535708
2019-06-02,2873.34,2751.53,2884.97,2728.81,"4,41%",0.01565211880965034
2019-06-09,2886.98,2885.83,2910.61,2874.68,"0,47%",0.008887440770614763
2019-06-16,2950.46,2889.75,2964.15,2887.3,"2,20%",0.018394769481311357
2019-06-23,2941.76,2951.42,2954.92,2912.99,"-0,29%",-0.003113877502825435
2019-06-30,2990.41,2971.41,2995.84,2952.22,"1,65%",0.01384809064204795
2019-07-07,3013.77,2979.77,3013.92,2963.44,"0,78%",0.006035035248878495
2019-07-14,2976.61,3017.8,3017.8,2973.09,"-1,23%",0.001287359983012104
2019-07-21,3025.86,2981.93,3027.98,2976.65,"1,65%",0.00337331831135268
2019-07-28,2932.05,3024.47,3025.61,2914.11,"-3,10%",-0.0007827000178336485
2019-08-04,2918.65,2898.07,2938.72,2822.12,"-0,46%",-0.02871817583892189
2019-08-11,2888.68,2907.07,2943.31,2825.51,"-1,03%",0.0015619045026407097
2019-08-18,2847.11,2913.48,2939.08,2834.97,"-1,44%",-0.0014371574859597391
2019-08-25,2926.46,2866.7,2940.43,2853.05,"2,79%",0.0004593274085769039
2019-09-01,2978.71,2909.01,2985.86,2891.85,"1,79%",0.015450121240770942
2019-09-08,3007.39,2988.43,3020.74,2957.01,"0,96%",0.011681726537747794
2019-09-15,2992.07,2996.41,3021.99,2978.57,"-0,51%",0.0004138058886233864
2019-09-22,2961.79,2983.5,3007.98,2945.53,"-1,01%",-0.004636017988146834
2019-09-29,2952.01,2967.07,2992.53,2855.94,"-0,33%",-0.0051363373426684955
2019-10-06,2970.27,2944.23,2993.28,2892.66,"0,62%",0.0002506240538941995
2019-10-13,2986.2,2965.81,3008.29,2962.94,"0,54%",0.0050145659610860704
2019-10-20,3022.55,2996.48,3027.39,2991.21,"1,22%",0.006349121926410017
2019-10-27,3066.91,3032.12,3066.95,3023.19,"1,47%",0.013067361654758747
2019-11-03,3093.08,3078.96,3097.77,3065.89,"0,85%",0.010049071553171807
2019-11-10,3120.46,3080.33,3120.46,3075.82,"0,89%",0.007324623842312361
2019-11-17,3110.29,3117.91,3127.64,3091.41,"-0,33%",0.002300942809713824
2019-11-24,3140.98,3117.44,3154.26,3117.44,"0,99%",0.008511209730020175
2019-12-01,3145.91,3143.85,3150.6,3070.33,"0,16%",-0.0011603355462137532
2019-12-08,3168.8,3141.86,3182.68,3126.09,"0,73%",0.010182187519837571
2019-12-15,3221.22,3183.63,3225.65,3183.63,"1,65%",0.013501200246333278
2019-12-22,3240.02,3226.05,3247.93,3220.51,"0,58%",0.006907134996047226
2019-12-29,3234.85,3240.09,3258.14,3212.03,"-0,16%",0.00314354065512501
2020-01-05,3265.35,3217.55,3282.99,3214.64,"0,94%",0.007627051016837694
2020-01-12,3329.62,3271.13,3329.88,3268.43,"1,97%",0.014282711796258951
2020-01-19,3295.47,3321.03,3337.77,3281.53,"-1,03%",0.002369454755126288
2020-01-26,3225.52,3247.16,3293.47,3214.68,"-2,12%",-0.013272334522750229
2020-02-02,3327.71,3235.66,3347.96,3235.66,"3,17%",0.01654485998050692
2020-02-09,3380.16,3318.28,3385.09,3317.77,"1,58%",0.011090335607355062
2020-02-16,3337.75,3369.04,3393.52,3328.45,"-1,25%",0.0024903326056322506
2020-02-23,2954.22,3257.61,3259.81,2855.84,"-11,49%",-0.039401565336288025
2020-03-01,2972.37,2974.28,3136.72,2901.54,"0,61%",-0.037759869440243454
2020-03-08,2711.02,2863.89,2882.59,2478.86,"-8,79%",-0.08101775102654996
2020-03-15,2304.92,2508.59,2562.98,2280.52,"-14,98%",-0.11087598305690372
2020-03-22,2541.47,2290.71,2637.01,2191.86,"10,26%",0.02888434556648911
2020-03-29,2488.65,2558.98,2641.39,2447.49,"-2,08%",0.0016609720858091759
2020-04-05,2789.82,2578.28,2818.57,2574.57,"12,10%",0.06707831861254876
2020-04-12,2874.56,2782.46,2879.22,2721.17,"3,04%",0.021518003810442776
2020-04-19,2836.74,2845.62,2868.98,2727.1,"-1,32%",-0.00355651877939156
2020-04-26,2830.71,2854.65,2954.86,2821.61,"-0,21%",0.02993398350633325
2020-05-03,2929.8,2815.01,2932.16,2797.85,"3,50%",-0.007682259057958829
2020-05-10,2863.7,2915.46,2945.82,2766.64,"-2,26%",0.004658681654480024
2020-05-17,2955.45,2913.86,2980.29,2913.86,"3,20%",0.011701325946595453
2020-05-24,3044.31,3004.08,3068.67,2969.75,"3,01%",0.029654832247868468
2020-05-31,3193.93,3038.78,3211.72,3031.54,"4,91%",0.04661628653455718
2020-06-07,3041.31,3199.92,3233.13,2984.47,"-4,78%",0.006666210005853657
2020-06-14,3097.74,2993.76,3155.53,2965.66,"1,86%",-0.024001509373269836
2020-06-21,3009.05,3094.42,3154.9,3004.63,"-2,86%",-0.00019964950420381378
2020-06-28,3130.01,3018.59,3165.81,2999.74,"4,02%",0.003458112776950184
2020-07-05,3185.04,3155.29,3186.82,3115.7,"1,76%",0.006636532198710743
2020-07-12,3224.73,3205.08,3238.28,3127.66,"1,25%",0.01614775858065398
2020-07-19,3215.63,3224.29,3279.99,3200.05,"-0,28%",0.01288029447731498
2020-07-26,3271.12,3219.84,3272.17,3204.13,"1,73%",-0.002384153610224371
2020-08-02,3351.28,3288.26,3352.54,3284.53,"2,45%",0.024561682308682053
2020-08-09,3372.85,3356.04,3387.89,3326.44,"0,64%",0.010544244065693542
2020-08-16,3397.16,3380.86,3399.96,3354.69,"0,72%",0.0035626894615823357
2020-08-23,3508.01,3418.09,3509.23,3413.13,"3,26%",0.032138613395451765
2020-08-30,3426.96,3509.73,3588.11,3349.63,"-2,31%",0.022477865514657136
2020-09-06,3340.97,3371.88,3425.55,3310.47,"-2,51%",-0.045305188525435414
2020-09-13,3319.47,3363.56,3428.92,3292.4,"-0,64%",0.0009837836259869448
2020-09-20,3298.46,3285.57,3323.35,3209.45,"-0,63%",-0.03078811987447949
2020-09-27,3348.44,3333.9,3397.18,3323.69,"1,52%",0.02221553552890909
2020-10-04,3477.13,3367.27,3482.34,3354.54,"3,84%",0.02506785039356174
2020-10-11,3483.81,3500.02,3549.85,3440.89,"0,19%",0.0193863896115829
2020-10-18,3465.39,3493.66,3502.42,3415.34,"-0,53%",-0.013361127934983119
2020-10-25,3269.96,3441.42,3441.42,3233.94,"-5,64%",-0.017416529142707082
2020-11-01,3509.44,3296.2,3529.05,3279.74,"7,32%",0.02546332618512137
2020-11-08,3585.15,3583.04,3645.99,3511.91,"2,16%",0.03313639648063904
2020-11-15,3557.54,3600.16,3628.51,3543.84,"-0,77%",-0.004794308267438874
2020-11-22,3638.35,3566.82,3644.31,3552.77,"2,27%",0.004354404424956826
2020-11-29,3699.12,3634.18,3699.2,3594.39,"1,67%",0.015061836122612915
2020-12-06,3663.46,3694.73,3712.39,3633.4,"-0,96%",0.0035656358131488375
2020-12-13,3709.41,3675.27,3726.7,3645.84,"1,25%",0.0038546596666837463
2020-12-20,3703.06,3684.28,3711.24,3636.48,"-0,17%",-0.004148442321625034
2020-12-27,3756.07,3723.03,3760.2,3723.03,"1,43%",0.013192356193617139
2021-01-03,3824.68,3764.61,3826.69,3662.71,"1,83%",0.01768257007605989
2021-01-10,3768.25,3803.14,3823.6,3749.62,"-1,48%",-0.0008074863655013198
2021-01-17,3841.47,3781.88,3861.45,3780.37,"1,94%",0.00989904801757513
2021-01-24,3714.24,3851.68,3870.9,3694.12,"-3,31%",0.0024472672182729305
2021-01-31,3886.83,3731.17,3894.56,3725.62,"4,65%",0.006112273631455167
2021-02-07,3934.83,3892.59,3937.23,3884.94,"1,23%",0.01095630828643035
2021-02-14,3906.71,3939.61,3950.43,3885.03,"-0,71%",0.003352610845696047
2021-02-21,3811.15,3885.55,3928.65,3789.54,"-2,45%",-0.005513323866009445
2021-02-28,3841.94,3842.51,3914.5,3723.34,"0,81%",-0.003601746146895235
2021-03-07,3943.34,3844.39,3960.27,3819.25,"2,64%",0.0116924255971389
2021-03-14,3913.1,3942.96,3983.87,3886.75,"-0,77%",0.005959189651210561
2021-03-21,3974.54,3916.48,3978.19,3853.5,"1,57%",-0.0014257493341900407
2021-03-28,4019.87,3969.31,4020.63,3943.25,"1,14%",0.01066816818703975
2021-04-04,4128.8,4034.44,4129.48,4034.44,"2,71%",0.027072871664390874
2021-04-11,4185.47,4124.71,4191.31,4114.82,"1,37%",0.0149728295088003
2021-04-18,4180.17,4179.8,4194.17,4118.38,"-0,13%",0.000682364225027321
2021-04-25,4181.17,4185.03,4218.78,4174.85,"0,02%",0.005867668692494554
2021-05-02,4232.6,4191.98,4238.04,4128.59,"1,23%",0.004565300868971667
2021-05-09,4173.85,4228.29,4236.39,4056.88,"-1,39%",-0.0003893309171220105
2021-05-16,4155.86,4169.92,4188.72,4061.41,"-0,43%",-0.011252505080976971
2021-05-23,4204.11,4170.16,4218.36,4170.16,"1,16%",0.007076147367214736
2021-05-30,4229.89,4216.52,4234.12,4167.93,"0,61%",0.0037360490806854774
2021-06-06,4247.44,4229.34,4249.74,4208.41,"0,41%",0.0036890782500258457
2021-06-13,4166.45,4248.31,4257.16,4164.4,"-1,91%",0.0017459891663960114
2021-06-20,4280.7,4173.4,4286.12,4173.4,"2,74%",0.006802657170507986
2021-06-27,4352.34,4284.9,4355.43,4274.67,"1,67%",0.01617080249736369
2021-07-04,4369.55,4356.46,4371.6,4289.37,"0,40%",0.00371260702158005
2021-07-11,4327.16,4372.41,4393.68,4322.53,"-0,97%",0.00505078232226186
2021-07-18,4411.79,4296.4,4415.18,4233.13,"1,96%",0.004893392327160795
2021-07-25,4395.26,4409.58,4429.97,4372.51,"-0,37%",0.003349806802893651
2021-08-01,4436.52,4406.86,4440.82,4373.0,"0,94%",0.0024492265184639095
2021-08-08,4468.0,4437.77,4468.37,4424.74,"0,71%",0.00620380920640784
2021-08-15,4441.67,4461.65,4480.26,4367.73,"-0,59%",0.002660925572412376
2021-08-22,4509.37,4450.29,4513.33,4450.29,"1,52%",0.007381268051407597
2021-08-29,4535.43,4513.76,4545.85,4513.76,"0,58%",0.007205322899056954
2021-09-05,4458.58,4535.38,4535.38,4457.66,"-1,69%",-0.0023031996216329453
2021-09-12,4432.99,4474.81,4492.99,4427.76,"-0,57%",-0.009346515617214113
2021-09-19,4455.48,4402.95,4465.4,4305.91,"0,51%",-0.006140676921159494
2021-09-26,4357.04,4442.12,4457.3,4288.52,"-2,21%",-0.0018139472387690425
2021-10-03,4391.34,4348.84,4429.97,4278.94,"0,79%",-0.006131514594036713
2021-10-10,4471.37,4385.44,4475.82,4329.92,"1,82%",0.010349957223186435
2021-10-17,4544.9,4463.72,4559.67,4447.47,"1,64%",0.018733997345737885
2021-10-24,4605.38,4553.69,4608.08,4537.36,"1,33%",0.01061699640544167
2021-10-31,4697.53,4610.62,4718.5,4595.06,"2,00%",0.023962257599694503
2021-11-07,4682.85,4701.48,4714.92,4630.86,"-0,31%",-0.0007587156935466854
2021-11-14,4697.96,4689.3,4717.75,4672.78,"0,32%",0.0006002222731245066
2021-11-21,4594.62,4712.0,4743.83,4585.43,"-2,20%",0.005528058926395074
2021-11-28,4538.43,4628.75,4672.95,4495.12,"-1,22%",-0.014941513502802595
2021-12-05,4712.02,4548.37,4713.57,4540.51,"3,82%",0.008692581773825925
2021-12-12,4620.64,4710.3,4731.99,4600.22,"-1,94%",0.003907866012385464
2021-12-19,4725.79,4587.9,4740.74,4531.1,"2,28%",0.00184911633371998
2021-12-26,4766.18,4733.99,4808.93,4733.99,"0,85%",0.014383830372473705
2022-01-02,4677.03,4778.14,4818.62,4662.74,"-1,87%",0.0020150012580759658
2022-01-09,4662.85,4655.34,4748.83,4582.24,"-0,30%",-0.014483399811564324
2022-01-16,4397.94,4632.24,4632.24,4395.34,"-5,68%",-0.024551310533331372
2022-01-23,4431.85,4356.32,4453.23,4222.62,"0,77%",-0.038644370757991875
2022-01-30,4500.53,4431.79,4595.31,4414.02,"1,55%",0.03190493192581578
2022-02-06,4418.64,4505.75,4590.03,4401.41,"-1,82%",-0.0011489975649087159
2022-02-13,4348.87,4412.61,4489.55,4327.22,"-1,58%",-0.021890924460188588
2022-02-20,4384.65,4332.74,4385.34,4114.65,"0,82%",-0.02321168045795241
2022-02-27,4328.87,4354.17,4416.78,4279.54,"-1,27%",0.007169341487775149
2022-03-06,4204.31,4327.01,4327.01,4157.87,"-2,88%",-0.020324761477818587
2022-03-13,4463.12,4202.75,4465.4,4161.72,"6,16%",0.0319828241672655
2022-03-20,4543.06,4462.4,4546.03,4424.3,"1,79%",0.018056613069378002
2022-03-27,4545.86,4541.09,4637.3,4507.57,"0,06%",0.02007685826974326
2022-04-03,4488.28,4547.97,4593.45,4450.04,"-1,27%",-0.009455933409527217
2022-04-10,4392.59,4462.64,4471.0,4381.34,"-2,13%",-0.026657523212400225
2022-04-17,4271.78,4385.63,4512.94,4267.62,"-2,75%",0.009380451800492073
2022-04-24,4131.93,4255.34,4308.45,4124.28,"-3,27%",-0.045311925263796904
2022-05-01,4123.34,4130.61,4307.66,4062.51,"-0,21%",-0.00018336060532209153
2022-05-08,4023.89,4081.27,4081.27,3858.87,"-2,41%",-0.05255521559268839
2022-05-15,3901.36,4013.02,4090.72,3810.32,"-3,05%",0.0023154557282414334
2022-05-22,4158.24,3919.42,4158.49,3875.13,"6,58%",0.016566765752728196
2022-05-29,4108.54,4151.09,4177.51,4073.85,"-1,20%",0.004573775577192851
2022-06-05,3900.86,4134.72,4168.78,3900.16,"-5,05%",-0.002089761604400775
2022-06-12,3674.84,3838.15,3838.15,3636.87,"-5,79%",-0.07931097347425375
2022-06-19,3911.74,3715.31,3913.65,3715.31,"6,45%",0.019670935216184793
2022-06-26,3825.33,3920.76,3945.86,3738.67,"-2,21%",0.008230168768285306
2022-07-03,3899.38,3792.61,3918.5,3742.06,"1,94%",-0.006933849655081592
2022-07-10,3863.16,3880.94,3880.94,3721.56,"-0,93%",-0.009585300497639393
2022-07-17,3961.63,3883.79,4012.44,3818.63,"2,55%",0.03388354367756263
2022-07-24,4130.29,3965.72,4140.15,3910.74,"4,26%",0.03182851332356362
2022-07-31,4145.19,4112.38,4167.66,4079.81,"0,36%",0.006644686786710707
2022-08-07,4280.15,4155.93,4280.47,4112.09,"3,26%",0.027067947001435
2022-08-14,4228.48,4269.37,4325.28,4218.7,"-1,21%",0.01046847659252359
2022-08-21,4057.66,4195.08,4203.04,4057.66,"-4,04%",-0.02826175415233234
2022-08-28,3924.26,4034.58,4062.99,3903.65,"-3,29%",-0.033321119951273404
2022-09-04,4067.36,3930.89,4076.81,3886.75,"3,65%",0.003401435888348292
2022-09-11,3873.33,4083.67,4119.28,3837.08,"-4,77%",0.010417458748384067
2022-09-18,3693.23,3849.91,3907.07,3647.47,"-4,65%",-0.051516284399215295
2022-09-25,3585.62,3682.72,3736.74,3584.13,"-2,91%",-0.043595328468648
2022-10-02,3639.66,3609.78,3806.91,3604.93,"1,51%",0.01877840042389889
2022-10-09,3583.07,3647.51,3712.0,3491.58,"-1,55%",-0.02493098076918021
2022-10-16,3752.75,3638.65,3762.79,3638.65,"4,74%",0.01368265086206888
2022-10-23,3901.06,3762.01,3905.42,3741.65,"3,95%",0.03790538403684507
2022-10-30,3770.55,3881.85,3911.79,3698.15,"-3,35%",0.001631066569024453
2022-11-06,3992.93,3780.71,4001.48,3744.22,"5,90%",0.02292812241965958
2022-11-13,3965.34,3977.97,4028.84,3906.54,"-0,69%",0.006837470136049628
2022-11-20,4026.12,3956.23,4034.02,3933.34,"1,53%",0.0012857298875110779
2022-11-27,4071.7,4005.36,4100.51,3937.65,"1,13%",0.01648231788637644
2022-12-04,3934.38,4052.02,4052.45,3918.39,"-3,37%",-0.011720493304491542
2022-12-11,3852.36,3939.29,4100.96,3827.91,"-2,08%",0.0119705363422129
2022-12-18,3844.82,3853.79,3889.82,3764.49,"-0,20%",-0.051485505832780554
2022-12-25,3839.5,3843.34,3858.19,3780.78,"-0,14%",-0.008131481662390527
2023-01-01,3895.08,3853.29,3906.19,3794.33,"1,45%",0.012441066925164446
2023-01-08,3999.09,3910.82,4003.95,3877.29,"2,67%",0.025026944413866214
2023-01-15,3972.61,3999.28,4015.39,3885.54,"-0,66%",0.0028571785361954927
2023-01-22,4070.56,3978.14,4094.21,3949.06,"2,47%",0.019629475592657375
2023-01-29,4136.48,4049.27,4195.44,4015.55,"1,62%",0.02472516065370356
2023-02-05,4090.46,4119.57,4176.54,4060.79,"-1,11%",-0.00450489102454088
2023-02-12,4079.09,4096.62,4159.77,4047.95,"-0,28%",-0.004015285379764033
2023-02-19,3970.04,4052.35,4052.35,3943.08,"-2,67%",-0.02582354312858659
2023-02-26,4045.64,3992.36,4048.29,3928.16,"1,90%",-0.0010018877935025206
2023-03-05,3861.59,4055.15,4078.49,3846.32,"-4,55%",0.007459939875848809
2023-03-12,3916.64,3835.12,3964.46,3808.86,"1,43%",-0.027958876937297816
2023-03-19,3970.99,3917.47,4039.49,3909.16,"1,39%",0.018925654439696737
2023-03-26,4109.31,3982.93,4110.75,3951.53,"3,48%",0.01764084079920991
2023-04-02,4105.02,4102.2,4133.13,4069.84,"-0,10%",0.005444261995986244
2023-04-09,4137.64,4085.2,4163.19,4072.55,"0,79%",0.007272938426809539
2023-04-16,4133.52,4137.17,4169.48,4113.86,"-0,10%",0.0015108606621365706
2023-04-23,4169.48,4132.07,4170.06,4049.35,"0,87%",0.00013910607557798826
2023-04-30,4136.25,4166.79,4186.92,4048.28,"-0,80%",0.004043107293420167
2023-05-07,4124.08,4136.98,4154.28,4098.92,"-0,29%",-0.007795706629216803
2023-05-14,4191.98,4126.65,4212.91,4109.86,"1,65%",0.01411315558893489
2023-05-21,4205.45,4190.78,4212.87,4103.98,"0,32%",-9.494624855443945e-06
2023-05-28,4282.37,4226.71,4290.67,4166.15,"1,83%",0.01846722068328721
2023-06-04,4298.86,4282.99,4322.62,4261.07,"0,39%",0.007446389491617911
2023-06-11,4409.59,4308.32,4448.47,4304.37,"2,58%",0.029114287168430453
2023-06-18,4348.33,4396.11,4400.15,4341.34,"-1,39%",-0.01086216159713349
2023-06-25,4450.38,4344.84,4458.48,4328.08,"2,35%",0.013256366260241181
2023-07-02,4398.95,4450.48,4456.46,4385.05,"-1,16%",-0.0004530692074428133
2023-07-09,4505.42,4394.23,4527.76,4389.92,"2,42%",0.015999246038335357
2023-07-16,4536.34,4508.86,4578.43,4504.9,"0,69%",0.011190964185380903
2023-07-23,4582.23,4543.39,4607.07,4528.56,"1,01%",0.006255419434172627
2023-07-30,4478.03,4584.82,4594.22,4474.55,"-2,27%",-0.0027891913949645852
2023-08-06,4464.05,4491.58,4527.37,4443.98,"-0,31%",-0.014550892208035404
2023-08-13,4369.71,4458.13,4490.33,4335.31,"-2,11%",-0.008181350320384695
2023-08-20,4405.71,4380.28,4458.3,4356.29,"0,82%",-0.007133106030069003
2023-08-27,4515.77,4426.03,4541.25,4414.98,"2,50%",0.01860574658502112
2023-09-03,4457.49,4510.06,4514.29,4430.46,"-1,29%",-0.005936691439581643
2023-09-10,4450.32,4480.98,4511.99,4447.21,"-0,16%",-0.0005094931871900688
2023-09-17,4320.06,4445.13,4466.36,4316.49,"-2,93%",-0.010113054328577897
2023-09-24,4288.05,4310.62,4338.51,4238.63,"-0,74%",-0.028625099633706075
2023-10-01,4308.5,4284.52,4324.1,4216.45,"0,48%",-0.003321416799776822
2023-10-08,4327.78,4289.02,4385.85,4283.79,"0,45%",0.014280428297217984
2023-10-15,4224.16,4342.37,4393.57,4223.03,"-2,39%",0.0017602061174000205
2023-10-22,4117.37,4210.4,4259.38,4103.78,"-2,53%",-0.030542360768122445
2023-10-29,4358.34,4139.39,4373.62,4132.94,"5,85%",0.026820804905878237
2023-11-05,4415.24,4364.27,4418.03,4343.94,"1,31%",0.010154060023504607
2023-11-12,4514.02,4406.66,4521.17,4393.82,"2,24%",0.023345246637075823
2023-11-19,4559.34,4511.7,4568.43,4510.36,"1,00%",0.010453046445942249
2023-11-26,4594.63,4554.86,4599.39,4537.24,"0,77%",0.006776945252526589
2023-12-03,4604.37,4564.37,4609.23,4546.5,"0,21%",0.002139414139700868
2023-12-10,4719.19,4593.39,4738.57,4593.39,"2,49%",0.028061086125014345
2023-12-17,4754.63,4725.58,4778.01,4697.82,"0,75%",0.008323186108889491
2023-12-24,4769.83,4758.86,4793.3,4751.99,"0,32%",0.003200077019512193
2023-12-31,4697.24,4745.2,4754.33,4682.11,"-1,52%",-0.008130098262157603
2024-01-07,4783.83,4703.7,4802.4,4699.82,"1,84%",0.010110783222872621
2024-01-14,4839.81,4772.35,4842.07,4714.82,"1,17%",0.00826045310678003
2024-01-21,4890.97,4853.42,4906.69,4844.05,"1,06%",0.013345531972895897
2024-01-28,4958.61,4892.95,4975.29,4845.15,"1,38%",0.013980911775555382
2024-02-04,5026.61,4957.19,5030.06,4918.09,"1,37%",0.011008403530246458
2024-02-11,5005.57,5026.83,5048.39,4920.31,"-0,42%",0.0036440917205757817
2024-02-18,5088.8,4989.32,5111.06,4946.0,"1,66%",0.0124138586757363
2024-02-25,5137.08,5093.0,5140.33,5057.29,"0,95%",0.005726796398398681
2024-03-03,5123.69,5130.99,5189.26,5056.82,"-0,26%",0.00951884412090287
2024-03-10,5117.09,5111.96,5179.87,5091.14,"-0,13%",-0.0018095065577751202
2024-03-17,5234.18,5154.77,5261.1,5131.59,"2,29%",0.015681860741678877
2024-03-24,5254.35,5219.52,5264.85,5203.42,"0,39%",0.0007127786964702398
2024-03-31,5204.34,5257.97,5263.95,5146.06,"-0,95%",-0.00017094504116932363
2024-04-07,5123.41,5211.37,5224.81,5107.94,"-1,56%",-0.00743548096011537
2024-04-14,4967.23,5149.67,5168.43,4953.56,"-3,05%",-0.01079082301557377
2024-04-21,5099.96,4987.33,5114.62,4969.4,"2,67%",-0.010411285438711615
2024-04-28,5127.79,5114.13,5139.12,5011.05,"0,55%",0.0047901896915116815
2024-05-05,5222.68,5142.42,5239.66,5142.42,"1,85%",0.019563660704556396
2024-05-12,5303.27,5233.08,5325.49,5211.16,"1,54%",0.016380833870899947
2024-05-19,5304.72,5305.35,5341.88,5256.93,"0,03%",0.003077651070605869
2024-05-26,5277.51,5315.91,5315.91,5191.68,"-0,51%",-0.004861584311141476
2024-06-02,5346.99,5297.15,5375.08,5234.32,"1,32%",0.011130737728817897
2024-06-09,5431.6,5341.22,5447.25,5327.25,"1,58%",0.013426776903785687
2024-06-16,5464.62,5431.11,5505.53,5420.4,"0,61%",0.010698976547799388
2024-06-23,5460.48,5459.58,5523.64,5446.56,"-0,08%",0.0032894199105264477
2024-06-30,5567.19,5471.08,5570.33,5446.53,"1,95%",0.008452759412271638
2024-07-07,5615.35,5572.75,5655.56,5562.51,"0,87%",0.015300709293704307
2024-07-14,5505.0,5638.16,5669.67,5497.04,"-1,97%",0.0024948899843693084
2024-07-21,5459.1,5544.54,5585.34,5390.95,"-0,83%",-0.014873881548661538
2024-07-28,5346.56,5476.55,5566.16,5302.03,"-2,06%",-0.00343398969445019
2024-08-04,5344.16,5151.14,5358.67,5119.26,"-0,04%",-0.037277045575405676
2024-08-11,5554.25,5351.88,5561.98,5324.37,"3,93%",0.03794038446106951
2024-08-18,5634.61,5557.23,5643.22,5550.74,"1,45%",0.014606309263967221
2024-08-25,5648.4,5639.66,5651.62,5560.95,"0,24%",0.0014885118779703888
2024-09-01,5408.42,5623.89,5623.89,5402.62,"-4,25%",-0.004906557765737896
2024-09-08,5626.02,5442.07,5636.27,5406.96,"4,02%",0.0022013232833502094
2024-09-15,5702.55,5615.21,5733.57,5604.53,"1,36%",0.01726319001751153
2024-09-22,5738.17,5711.9,5767.37,5698.99,"0,62%",0.005895105492738306
2024-09-29,5751.07,5726.52,5765.14,5674.0,"0,22%",-0.0003866580434408462
2024-10-06,5815.03,5737.8,5822.13,5686.85,"1,11%",0.009885275986359465
2024-10-13,5864.67,5829.81,5878.46,5804.48,"0,85%",0.009675153251473168
2024-10-20,5808.12,5857.82,5866.92,5762.41,"-0,96%",-0.001963099179036698
2024-10-27,5728.8,5833.93,5850.94,5702.86,"-1,37%",-0.0027237460200583152
2024-11-03,5995.54,5725.15,6012.45,5696.51,"4,66%",0.027604111476104753
2024-11-10,5870.62,6008.86,6017.31,5853.01,"-2,08%",0.0008083227303345986
2024-11-17,5969.34,5874.17,5972.9,5855.29,"1,68%",-0.007380374286849234
2024-11-24,6032.38,5992.28,6044.17,5963.91,"1,06%",0.011932227226305603
2024-12-01,6090.27,6040.11,6099.97,6033.39,"0,96%",0.009232036822260259
2024-12-08,6051.09,6083.01,6092.59,6029.89,"-0,64%",-0.001209842015616469
2024-12-15,5930.85,6063.79,6085.19,5832.3,"-1,99%",-0.0012145901825004746
2024-12-22,5970.84,5940.25,6049.75,5902.57,"0,67%",-0.005823975915295931
2024-12-29,5942.47,5920.67,5949.34,5829.53,"-0,48%",-0.016597380057027156
2025-01-05,5827.04,5982.81,6021.04,5807.78,"-1,94%",0.01205175700161698
2025-01-12,5996.66,5782.02,6014.96,5773.31,"2,91%",-0.0010097923282356147
2025-01-19,6101.24,6014.12,6128.18,6006.88,"1,74%",0.018823067817574923
2025-01-26,6040.53,5969.04,6120.91,5962.92,"-1,00%",-0.0011863228560519135
2025-02-02,6025.99,5969.65,6101.28,5923.93,"-0,24%",-0.0032070394761563037
2025-02-09,6114.63,6046.4,6127.47,6003.0,"1,47%",0.004292541892848778
2025-02-16,6013.13,6121.6,6147.43,6008.56,"-1,66%",0.0032574618888383533
2025-02-23,5954.5,6026.69,6043.65,5837.66,"-0,98%",-0.016881851440358142
2025-03-02,5770.2,5968.33,5986.09,5666.29,"-3,10%",-0.009524045899415023
2025-03-09,5638.94,5705.37,5705.37,5504.65,"-2,27%",-0.046895385802752765
2025-03-16,5667.56,5635.6,5715.33,5597.76,"0,51%",0.0017457237655051916
2025-03-23,5580.94,5718.08,5786.95,5572.42,"-1,53%",0.012531209921386788
2025-03-30,5074.08,5527.91,5695.31,5069.9,"-9,08%",-0.01583563016787759
2025-04-06,5363.36,4953.79,5481.34,4835.04,"5,70%",-0.037569508946835195
2025-04-13,5282.7,5441.96,5459.46,5220.79,"-1,50%",-0.0039917246512714
2025-04-20,5525.21,5232.94,5528.11,5101.63,"4,59%",0.01257450370549451
2025-04-27,5686.67,5529.22,5700.7,5433.24,"2,92%",0.03122043519394513
2025-05-04,5659.91,5655.32,5720.1,5578.64,"-0,47%",0.0034030908484923295
2025-05-11,5958.38,5807.2,5958.62,5786.08,"5,27%",0.04169857170329183
2025-05-18,5802.82,5902.88,5968.61,5767.41,"-2,61%",0.0016765626940464795
2025-05-25,5911.69,5854.07,5943.13,5843.66,"1,88%",-0.004269000655093835
2025-06-01,6000.36,5896.68,6016.87,5861.43,"1,50%",0.012407603400901523
2025-06-08,5976.97,6004.63,6059.4,5963.21,"-0,39%",0.0070684591822658405
2025-06-15,5967.84,6004.0,6050.83,5952.56,"-0,15%",-0.0014143314519589056
2025-06-22,6173.07,5969.67,6187.68,5943.23,"3,44%",0.022616731919422595
2025-06-29,6279.35,6193.36,6284.65,6174.97,"1,72%",0.015671463294804955
2025-07-06,6259.75,6259.04,6290.22,6201.0,"-0,31%",0.0008862864280430038
2025-07-13,6296.79,6255.15,6315.61,6201.59,"0,59%",0.004036424799132465
2025-07-20,6388.64,6304.74,6395.82,6281.71,"1,46%",0.01270027756622083
2025-07-27,6238.01,6397.69,6427.02,6212.69,"-2,36%",0.004878186065274015
2025-08-03,6389.45,6271.71,6395.16,6271.71,"2,43%",-0.0049571963367159855
2025-08-10,6449.8,6389.67,6481.34,6364.06,"0,94%",0.013475816085914971
2025-08-17,6466.91,6445.02,6478.89,6343.86,"0,27%",-0.00037800825138012417
2025-08-24,6460.26,6457.67,6508.23,6429.21,"-0,10%",0.004528553502220145
2025-08-31,6481.5,6401.51,6532.65,6360.58,"0,33%",0.003752172249597896
2025-09-07,6584.29,6498.09,6600.21,6483.08,"1,59%",0.010341898004638361
2025-09-14,6664.36,6603.49,6671.82,6551.15,"1,22%",0.01084965478371136
2025-09-21,6643.7,6654.28,6699.52,6569.22,"-0,31%",0.004151790665815502
2025-09-28,6715.79,6661.58,6750.87,6641.0,"1,09%",0.007664728219334949
2025-10-05,6552.51,6733.86,6764.58,6550.78,"-2,43%",0.002030849357193887
2025-10-12,6664.01,6622.53,6724.12,6555.07,"1,70%",-0.005981154779749809
2025-10-19,6791.69,6690.05,6807.11,6655.69,"1,92%",0.0123421354764639
2025-10-26,6840.2,6845.46,6920.34,6814.26,"0,71%",0.016634078191773094
2025-11-02,6728.8,6882.32,6882.32,6631.44,"-1,63%",-0.00549394971923356
2025-11-09,6734.11,6785.36,6869.91,6646.87,"0,08%",-0.0018031710237245147
2025-11-16,6602.99,6713.61,6770.35,6521.92,"-1,95%",-0.014492184031522859
2025-11-23,6705.08,6641.36,6715.75,6630.36,"1,55%",-0.008064575686633657
